排名,电影名称,导演,主演,电影类型,国家,上映年份,片长,评分,评论人数,全球票房
1,肖申克的救赎,Frank Darabont,Tim Robbins / Morgan Freeman / Bob Gunton,剧情,美国,1994,2小时 22分钟,9.3,3100000 ,"$29,333,735 "
2,教父,Francis Ford Coppola,Marlon Brando / Al Pacino / James Caan,犯罪/剧情,美国,1972,2小时 55分钟,9.2,2100000 ,"$250,342,198 "
3,蝙蝠侠：黑暗骑士,Christopher Nolan,Christian Bale / Heath Ledger / Aaron Eckhart,动作/犯罪/剧情,美国/英国,2008,2小时 32分钟,9,3000000 ,"$1,009,057,329 "
4,教父2,Francis Ford Coppola,Al Pacino / Robert De Niro / Robert Duvall,犯罪/剧情,美国,1974,3小时 22分钟,9,1400000 ,"$47,983,687 "
5,十二怒汉,Sidney Lumet,Henry Fonda / Lee J. Cobb / Martin Balsam,犯罪/剧情,美国,1957,1小时 36分钟,9,936000 ,"$2,945 "
6,指环王3：王者归来,Peter Jackson,Elijah Wood / Viggo Mortensen / Ian McKellen,冒险/剧情/奇幻,新西兰/美国,2003,3小时 21分钟,9,2100000 ,"$1,138,585,547 "
7,辛德勒的名单,Steven Spielberg,Liam Neeson / Ralph Fiennes / Ben Kingsley,传记/剧情/历史,美国,1993,3小时 15分钟,9,1500000 ,"$322,161,245 "
8,低俗小说,Quentin Tarantino,John Travolta / Uma Thurman / Samuel L. Jackson,犯罪/剧情,美国,1994,2小时 34分钟,8.8,2400000 ,"$213,928,762 "
9,指环王1：护戒使者,Peter Jackson,Elijah Wood / Ian McKellen / Orlando Bloom,冒险/剧情/奇幻,新西兰/美国/英国,2001,2小时 58分钟,8.9,2100000 ,"$888,483,037 "
10,黄金三镖客,Sergio Leone,Clint Eastwood / Eli Wallach / Lee Van Cleef,冒险/剧情/西部,意大利/西班牙/西德/美国,1966,2小时 41分钟,8.8,861000 ,"$25,266,106 "
11,阿甘正传,Robert Zemeckis,Tom Hanks / Robin Wright / Gary Sinise,剧情/爱情,美国,1994,2小时 22分钟,8.8,2400000 ,"$678,226,465 "
12,指环王2：双塔奇兵,Peter Jackson,Elijah Wood / Ian McKellen / Viggo Mortensen,冒险/剧情/奇幻,新西兰/美国,2002,2小时 59分钟,8.8,1900000 ,"$938,532,865 "
13,搏击俱乐部,David Fincher,Brad Pitt / Edward Norton / Meat Loaf,犯罪/剧情/惊悚,美国/德国,1999,2小时 19分钟,8.8,2500000 ,"$101,321,009 "
14,盗梦空间,Christopher Nolan,Leonardo DiCaprio / Joseph Gordon-Levitt / Elliot Page,动作/冒险/科幻,美国/英国,2010,2小时 28分钟,8.8,2700000 ,"$839,381,898 "
15,星球大战5：帝国反击战,Irvin Kershner,Mark Hamill / Harrison Ford / Carrie Fisher,动作/冒险/奇幻,美国,1980,2小时 4分钟,8.7,1500000 ,"$550,016,086 "
16,黑客帝国,Lana Wachowski,Keanu Reeves / Laurence Fishburne / Carrie-Anne Moss,动作/科幻,美国/澳大利亚,1999,2小时 16分钟,8.7,2200000 ,"$467,841,735 "
17,好家伙,Martin Scorsese,Robert De Niro / Ray Liotta / Joe Pesci,传记/犯罪/剧情,美国,1990,2小时 25分钟,8.7,1300000 ,"$47,068,004 "
18,星际穿越,Christopher Nolan,Matthew McConaughey / Anne Hathaway / Jessica Chastain,冒险/剧情/科幻,美国/英国/加拿大,2014,2小时 49分钟,8.7,2400000 ,"$758,690,230 "
19,飞越疯人院,Milos Forman,Jack Nicholson / Louise Fletcher / Michael Berryman,剧情,美国,1975,2小时 13分钟,8.7,1100000 ,"$109,116,594 "
20,七宗罪,David Fincher,Morgan Freeman / Brad Pitt / Kevin Spacey,犯罪/剧情/悬疑,美国,1995,2小时 7分钟,8.6,1900000 ,"$328,983,304 "
21,生活多美好,Frank Capra,James Stewart / Donna Reed / Lionel Barrymore,剧情/家庭/奇幻,美国,1946,2小时 10分钟,8.6,531000 ,"$10,635,461 "
22,沉默的羔羊,Jonathan Demme,Jodie Foster / Anthony Hopkins / Scott Glenn,犯罪/剧情/恐怖,美国,1991,1小时 58分钟,8.6,1600000 ,"$272,742,922 "
23,七武士,Akira Kurosawa,Toshir? Mifune / Takashi Shimura / Keiko Tsushima,动作/剧情,日本,1954,3小时 27分钟,8.6,388000 ,"$1,082,148 "
24,拯救大兵瑞恩,Steven Spielberg,Tom Hanks / Matt Damon / Tom Sizemore,剧情/战争,美国,1998,2小时 49分钟,8.6,1600000 ,"$482,352,390 "
25,绿里奇迹,Frank Darabont,Tom Hanks / Michael Clarke Duncan / David Morse,犯罪/剧情/奇幻,美国,1999,3小时 9分钟,8.6,1500000 ,"$286,801,374 "
26,上帝之城,Fernando Meirelles,Alexandre Rodrigues / Leandro Firmino / Matheus Nachtergaele,犯罪/剧情,巴西/法国,2002,2小时 10分钟,8.6,843000 ,"$30,681,033 "
27,美丽人生,Roberto Benigni,Roberto Benigni / Nicoletta Braschi / Giorgio Cantarini,喜剧/剧情/爱情,意大利,1997,1小时 56分钟,8.6,784000 ,"$230,099,013 "
28,终结者2：审判日,James Cameron,Arnold Schwarzenegger / Linda Hamilton / Edward Furlong,动作/冒险/科幻,美国/法国,1991,2小时 17分钟,8.6,1200000 ,"$517,778,573 "
29,星球大战,George Lucas,Mark Hamill / Harrison Ford / Carrie Fisher,动作/冒险/奇幻,美国,1977,2小时 1分钟,8.6,1500000 ,"$775,398,507 "
30,回到未来,Robert Zemeckis,Michael J. Fox / Christopher Lloyd / Lea Thompson,冒险/喜剧/科幻,美国,1985,1小时 56分钟,8.5,1400000 ,"$385,053,307 "
31,千与千寻,Hayao Miyazaki,Daveigh Chase / Suzanne Pleshette / Miyu Irino,动画/冒险/家庭,日本/美国,2001,2小时 4分钟,8.6,919000 ,"$359,592,415 "
32,钢琴家,Roman Polanski,Adrien Brody / Thomas Kretschmann / Frank Finlay,传记/剧情/音乐,法国/波兰/德国/英国/美国,2002,2小时 30分钟,8.5,975000 ,"$120,098,945 "
33,角斗士,Ridley Scott,Russell Crowe / Joaquin Phoenix / Connie Nielsen,动作/冒险/剧情,美国/英国/马耳他/摩洛哥,2000,2小时 35分钟,8.5,1800000 ,"$465,516,248 "
34,寄生虫,Bong Joon Ho,Song Kang-ho / Lee Sun-kyun / Cho Yeo-jeong,剧情/惊悚,韩国,2019,2小时 12分钟,8.5,1100000 ,"$262,616,458 "
35,惊魂记,Alfred Hitchcock,Anthony Perkins / Janet Leigh / Vera Miles,剧情/恐怖/悬疑,美国,1960,1小时 49分钟,8.5,757000 ,"$32,253,563 "
36,狮子王,Roger Allers,Matthew Broderick / Jeremy Irons / James Earl Jones,动画/冒险/剧情,美国,1994,1小时 28分钟,8.5,1200000 ,"$979,161,373 "
37,萤火虫之墓,Isao Takahata,Tsutomu Tatsumi / Ayano Shiraishi / Akemi Yamaguchi,动画/剧情/战争,日本,1988,1小时 28分钟,8.5,355000 ,"$842,132 "
38,无间道风云,Martin Scorsese,Leonardo DiCaprio / Matt Damon / Jack Nicholson,犯罪/剧情/惊悚,美国/中国香港,2006,2小时 31分钟,8.5,1500000 ,"$291,481,358 "
39,爆裂鼓手,Damien Chazelle,Miles Teller / J.K. Simmons / Melissa Benoist,剧情/音乐,美国,2014,1小时 46分钟,8.5,1100000 ,"$50,360,880 "
40,切腹,Masaki Kobayashi,Tatsuya Nakadai / Akira Ishihama / Shima Iwashita,剧情/悬疑,日本,1962,2小时 13分钟,8.6,81000 ,"$15,222 "
41,致命魔术,Christopher Nolan,Christian Bale / Hugh Jackman / Scarlett Johansson,剧情/悬疑/科幻,英国/美国,2006,2小时 10分钟,8.5,1500000 ,"$109,676,311 "
42,美国X档案,Tony Kaye,Edward Norton / Edward Furlong / Beverly D'Angelo,犯罪/剧情,美国,1998,1小时 59分钟,8.5,1200000 ,"$23,875,714 "
43,这个杀手不太冷,Luc Besson,Jean Reno / Gary Oldman / Natalie Portman,动作/犯罪/剧情,法国/美国,1994,1小时 50分钟,8.5,1300000 ,"$20,330,788 "
44,蜘蛛侠：纵横宇宙,Joaquim Dos Santos,Shameik Moore / Hailee Steinfeld / Brian Tyree Henry,动画/动作/冒险,美国,2023,2小时 20分钟,8.5,466000 ,"$690,824,738 "
45,卡萨布兰卡,Michael Curtiz,Humphrey Bogart / Ingrid Bergman / Paul Henreid,剧情/爱情/战争,美国,1942,1小时 42分钟,8.5,636000 ,"$4,731,471 "
46,非常嫌疑犯,Bryan Singer,Kevin Spacey / Gabriel Byrne / Chazz Palminteri,犯罪/剧情/悬疑,美国/德国,1995,1小时 46分钟,8.5,1200000 ,"$23,341,568 "
47,天堂电影院,Giuseppe Tornatore,Philippe Noiret / Enzo Cannavale / Antonella Attili,剧情/爱情,意大利/法国,1988,2小时 54分钟,8.5,304000 ,"$13,396,557 "
48,触不可及,Olivier Nakache,Fran?ois Cluzet / Omar Sy / Anne Le Ny,喜剧/剧情,法国,2011,1小时 52分钟,8.5,985000 ,"$426,590,315 "
49,异形,Ridley Scott,Sigourney Weaver / Tom Skerritt / John Hurt,恐怖/科幻,英国/美国,1979,1小时 57分钟,8.5,1000000 ,"$109,102,567 "
50,摩登时代,Charles Chaplin,Charles Chaplin / Paulette Goddard / Henry Bergman,喜剧/剧情/爱情,美国,1936,1小时 27分钟,8.5,275000 ,"$463,618 "
51,后窗,Alfred Hitchcock,James Stewart / Grace Kelly / Wendell Corey,剧情/悬疑/惊悚,美国,1954,1小时 52分钟,8.5,551000 ,"$37,905,475 "
52,西部往事,Sergio Leone,Henry Fonda / Charles Bronson / Claudia Cardinale,剧情/西部,意大利/美国,1968,2小时 46分钟,8.5,371000 ,"$5,435,312 "
53,被解救的姜戈,Quentin Tarantino,Jamie Foxx / Christoph Waltz / Leonardo DiCaprio,剧情/西部,美国,2012,2小时 45分钟,8.5,1800000 ,"$426,076,293 "
54,城市之光,Charles Chaplin,Charles Chaplin / Virginia Cherrill / Florence Lee,喜剧/剧情/爱情,美国,1931,1小时 27分钟,8.5,208000 ,"$55,154 "
55,现代启示录,Francis Ford Coppola,Martin Sheen / Marlon Brando / Robert Duvall,剧情/悬疑/战争,美国,1979,2小时 27分钟,8.4,747000 ,"$105,150,841 "
56,机器人总动员,Andrew Stanton,Ben Burtt / Elissa Knight / Jeff Garlin,动画/冒险/家庭,美国/日本,2008,1小时 38分钟,8.4,1300000 ,"$527,403,656 "
57,记忆碎片,Christopher Nolan,Guy Pearce / Carrie-Anne Moss / Joe Pantoliano,剧情/悬疑/惊悚,美国,2000,1小时 53分钟,8.4,1400000 ,"$40,060,108 "
58,沙丘2,Denis Villeneuve,Timothée Chalamet / Zendaya / Rebecca Ferguson,动作/冒险/剧情,美国/加拿大/阿联酋/意大利/新西兰/约旦/冈比亚,2024,2小时 46分钟,8.5,647000 ,"$714,844,358 "
59,夺宝奇兵,Steven Spielberg,Harrison Ford / Karen Allen / Paul Freeman,动作/冒险,美国,1981,1小时 55分钟,8.4,1100000 ,"$389,925,971 "
60,窃听风暴,Florian Henckel von Donnersmarck,Ulrich Mühe / Martina Gedeck / Sebastian Koch,剧情/悬疑/惊悚,德国/法国,2006,2小时 17分钟,8.4,430000 ,"$77,672,685 "
61,复仇者联盟3：无限战争,Anthony Russo,Robert Downey Jr. / Chris Hemsworth / Mark Ruffalo,动作/冒险/科幻,美国/挪威,2018,2小时 29分钟,8.4,1300000 ,"$2,052,415,039 "
62,日落大道,Billy Wilder,William Holden / Gloria Swanson / Erich von Stroheim,剧情/黑色,美国,1950,1小时 50分钟,8.4,250000 ,"$310,954 "
63,蜘蛛侠：平行宇宙,Bob Persichetti,Shameik Moore / Jake Johnson / Hailee Steinfeld,动画/动作/冒险,加拿大/美国,2018,1小时 57分钟,8.4,739000 ,"$393,602,435 "
64,控方证人,Billy Wilder,Tyrone Power / Marlene Dietrich / Charles Laughton,犯罪/剧情/悬疑,美国,1957,1小时 56分钟,8.4,151000 ,"$7,903 "
65,光荣之路,Stanley Kubrick,Kirk Douglas / Ralph Meeker / Adolphe Menjou,剧情/战争,美国,1957,1小时 28分钟,8.4,228000 ,"$8,290 "
66,闪灵,Stanley Kubrick,Jack Nicholson / Shelley Duvall / Danny Lloyd,剧情/恐怖,英国/美国,1980,2小时 26分钟,8.4,1200000 ,"$47,969,816 "
67,大独裁者,Charles Chaplin,Charles Chaplin / Paulette Goddard / Jack Oakie,喜剧/剧情/战争,美国,1940,2小时 5分钟,8.4,250000 ,"$972,212 "
68,12年级的失败,Vidhu Vinod Chopra,Vikrant Massey / Medha Shankr / Anant Joshi,传记/剧情,印度,2023,N/A,8.7,152000 ,"$138,288 "
69,无耻混蛋,Quentin Tarantino,Brad Pitt / Diane Kruger / Eli Roth,冒险/剧情/战争,美国/德国,2009,2小时 33分钟,8.4,1700000 ,"$321,460,744 "
70,异形2,James Cameron,Sigourney Weaver / Michael Biehn / Carrie Henn,动作/冒险/恐怖,英国/美国,1986,2小时 17分钟,8.4,813000 ,"$131,060,248 "
71,蝙蝠侠：黑暗骑士崛起,Christopher Nolan,Christian Bale / Tom Hardy / Anne Hathaway,动作/犯罪/剧情,美国/英国,2012,2小时 44分钟,8.4,1900000 ,"$1,114,976,407 "
72,寻梦环游记,Lee Unkrich,Anthony Gonzalez / Gael García Bernal / Benjamin Bratt,动画/冒险/剧情,美国/墨西哥,2017,1小时 45分钟,8.4,658000 ,"$814,641,172 "
73,莫扎特传,Milos Forman,F. Murray Abraham / Tom Hulce / Elizabeth Berridge,传记/剧情/音乐,美国/法国,1984,2小时 40分钟,8.4,451000 ,"$52,205,710 "
74,玩具总动员,John Lasseter,Tom Hanks / Tim Allen / Don Rickles,动画/冒险/喜剧,美国,1995,1小时 21分钟,8.3,1100000 ,"$394,436,586 "
75,复仇者联盟4：终局之战,Anthony Russo,Robert Downey Jr. / Chris Evans / Mark Ruffalo,动作/冒险/科幻,美国,2019,3小时 1分钟,8.4,1400000 ,"$2,799,439,100.00 "
76,心灵捕手,Gus Van Sant,Robin Williams / Matt Damon / Ben Affleck,剧情/爱情,美国,1997,2小时 6分钟,8.3,1100000 ,"$225,933,435 "
77,奇爱博士,Stanley Kubrick,Peter Sellers / George C. Scott / Sterling Hayden,喜剧/战争,英国/美国,1964,1小时 35分钟,8.3,540000 ,"$9,631,984 "
78,老男孩,Park Chan-wook,Choi Min-sik / Yoo Ji-tae / Kang Hye-jeong,动作/剧情/悬疑,韩国,2003,2小时,8.3,685000 ,"$17,617,021 "
79,从海底出击,Wolfgang Petersen,Jürgen Prochnow / Herbert Gr?nemeyer / Klaus Wennemann,剧情/战争,西德,1981,N/A,8.4,281000 ,"$11,489,051 "
80,勇敢的心,Mel Gibson,Mel Gibson / Sophie Marceau / Patrick McGoohan,传记/剧情/战争,美国,1995,2小时 58分钟,8.3,1100000 ,"$213,216,216 "
81,天国与地狱,Akira Kurosawa,Toshir? Mifune / Yutaka Sada / Tatsuya Nakadai,犯罪/剧情/悬疑,日本,1963,2小时 23分钟,8.4,62000 ,"$64,503 "
82,美国丽人,Sam Mendes,Kevin Spacey / Annette Bening / Thora Birch,剧情,美国,1999,2小时 2分钟,8.3,1300000 ,"$356,296,601 "
83,幽灵公主,Hayao Miyazaki,Y?ji Matsuda / Yuriko Ishida / Y?ko Tanaka,动画/冒险/奇幻,日本,1997,2小时 13分钟,8.3,464000 ,"$177,642,980 "
84,你的名字。,Makoto Shinkai,Ry?nosuke Kamiki / Mone Kamishiraishi / Ryo Narita,动画/剧情/奇幻,日本,2016,N/A,8.4,363000 ,"$405,340,703 "
85,三傻大闹宝莱坞,Rajkumar H伊朗i,Aamir Khan / Madhavan / Mona Singh,喜剧/剧情,印度,2009,2小时 50分钟,8.4,463000 ,"$60,262,836 "
86,小丑,Todd Phillips,Joaquin Phoenix / Robert De Niro / Zazie Beetz,犯罪/剧情/惊悚,美国/加拿大/澳大利亚,2019,2小时 2分钟,8.3,1600000 ,"$1,078,958,629 "
87,何以为家,Nadine Labaki,Zain Al Rafeea / Yordanos Shiferaw / Boluwatife Treasure Bankole,剧情,黎巴嫩/美国/法国/塞浦路斯/卡塔尔/英国,2018,2小时 6分钟,8.4,118000 ,"$64,417,003 "
88,美国往事,Sergio Leone,Robert De Niro / James Woods / Elizabeth McGovern,犯罪/剧情,意大利/美国,1984,3小时 49分钟,8.3,398000 ,"$5,476,126 "
89,雨中曲,Stanley Donen,Gene Kelly / Donald O'Connor / Debbie Reynolds,喜剧/音乐/爱情,美国,1952,1小时 43分钟,8.3,274000 ,"$2,096,442 "
90,自己去看,Elem Klimov,Aleksey Kravchenko / Olga Mironova / Liubomiras Laucevicius,剧情/惊悚/战争,苏联,1985,2小时 22分钟,8.3,114000 ,"$20,929,648 "
91,梦之安魂曲,Darren Aronofsky,Ellen Burstyn / Jared Leto / Jennifer Connelly,剧情,美国,2000,1小时 42分钟,8.3,944000 ,"$7,391,471 "
92,星球大战6：绝地归来,Richard Marquand,Mark Hamill / Harrison Ford / Carrie Fisher,动作/冒险/奇幻,美国,1983,2小时 11分钟,8.3,1200000 ,"$482,466,382 "
93,玩具总动员3,Lee Unkrich,Tom Hanks / Tim Allen / Joan Cusack,动画/冒险/喜剧,美国,2010,1小时 43分钟,8.3,937000 ,"$1,067,316,101 "
94,狩猎,Thomas Vinterberg,Mads Mikkelsen / Thomas Bo Larsen / Annika Wedderkopp,剧情,丹麦/瑞典/比利时/法国,2012,1小时 55分钟,8.3,391000 ,"$15,886,373 "
95,生之欲,Akira Kurosawa,Takashi Shimura / Nobuo Kaneko / Shin'ichi Himori,剧情,日本,1952,2小时 23分钟,8.3,98000 ,"$114,026 "
96,美丽心灵的永恒阳光,Michel Gondry,Jim Carrey / Kate Winslet / Tom Wilkinson,剧情/爱情/科幻,美国,2004,1小时 48分钟,8.3,1100000 ,"$73,384,095 "
97,焦土之城,Denis Villeneuve,Lubna Azabal / Mélissa Désormeaux-Poulin / Maxim Gaudette,剧情/悬疑/战争,加拿大/法国,2010,2小时 11分钟,8.3,232000 ,"$6,796,926 "
98,2001太空漫游,Stanley Kubrick,Keir Dullea / Gary Lockwood / William Sylvester,冒险/科幻,英国/美国,1968,2小时 29分钟,8.3,758000 ,"$66,890,296 "
99,公寓春光,Billy Wilder,Jack Lemmon / Shirley MacLaine / Fred MacMurray,喜剧/剧情/爱情,美国,1960,2小时 5分钟,8.3,210000 ,"$18,783,770 "
100,落水狗,Quentin Tarantino,Harvey Keitel / Tim Roth / Michael Madsen,犯罪/惊悚,美国,1992,1小时 39分钟,8.3,1100000 ,"$2,932,006 "
101,阿拉伯的劳伦斯,David Lean,Peter O'Toole / Alec Guinness / Anthony Quinn,冒险/传记/剧情,英国/美国,1962,3小时 47分钟,8.3,331000 ,"$45,874,235 "
102,疤面煞星,Brian De Palma,Al Pacino / Michelle Pfeiffer / Steven Bauer,犯罪/剧情,美国,1983,2小时 50分钟,8.3,974000 ,"$66,443,303 "
103,双重赔偿,Billy Wilder,Fred MacMurray / Barbara Stanwyck / Edward G. Robinson,犯罪/剧情/黑色,美国,1944,1小时 47分钟,8.3,176000 ,"$21,026 "
104,盗火线,Michael Mann,Al Pacino / Robert De Niro / Val Kilmer,动作/犯罪/剧情,美国,1995,2小时 50分钟,8.3,765000 ,"$187,436,818 "
105,西北偏北,Alfred Hitchcock,Cary Grant / Eva Marie Saint / James Mason,冒险/剧情/悬疑,美国,1959,2小时 16分钟,8.3,362000 ,"$197,920 "
106,飞屋环游记,Pete Docter,Edward Asner / 约旦 Nagai / John Ratzenberger,动画/冒险/喜剧,美国,2009,1小时 36分钟,8.3,1200000 ,"$735,103,954 "
107,公民凯恩,Orson Welles,Orson Welles / Joseph Cotten / Dorothy Comingore,剧情/悬疑,美国,1941,1小时 59分钟,8.3,484000 ,"$1,711,106 "
108,M就是凶手,Fritz Lang,Peter Lorre / Ellen Widmann / Inge Landgut,犯罪/悬疑/惊悚,德国,1931,1小时 57分钟,8.3,178000 ,"$35,566 "
109,全金属外壳,Stanley Kubrick,Matthew Modine / R. Lee Ermey / Vincent D'Onofrio,剧情/战争,英国/美国,1987,1小时 56分钟,8.2,827000 ,"$50,193,748 "
110,迷魂记,Alfred Hitchcock,James Stewart / Kim Novak / Barbara Bel Geddes,悬疑/爱情/惊悚,美国,1958,2小时 8分钟,8.2,448000 ,"$7,974,114 "
111,天使爱美丽,Jean-Pierre Jeunet,Audrey Tautou / Mathieu Kassovitz / Rufus,喜剧/爱情,法国/德国,2001,2小时 2分钟,8.3,822000 ,"$175,183,052 "
112,哈巴巴姆课堂：留级生,Ertem Egilmez,Münir ?zkul / Tarik Akan / Kemal Sunal,喜剧,土耳其,1975,N/A,8.7,27000 ,N/A
113,地球上的星星,Aamir Khan,Darsheel Safary / Aamir Khan / Tisca Chopra,剧情/家庭,印度,2007,2小时 42分钟,8.3,221000 ,"$21,897,373 "
114,一次别离,Asghar Farhadi,Payman Maadi / Leila Hatami / Sareh Bayat,剧情,伊朗/法国/澳大利亚,2011,2小时 3分钟,8.3,271000 ,"$22,926,076 "
115,杀死一只知更鸟,Robert Mulligan,Gregory Peck / John Megna / Frank Overton,犯罪/剧情,美国,1962,2小时 9分钟,8.3,345000 ,"$602,810 "
116,虎胆龙威,John McTiernan,Bruce Willis / Alan Rickman / Bonnie Bedelia,动作/惊悚,美国,1988,2小时 12分钟,8.2,995000 ,"$143,651,650 "
117,发条橙,Stanley Kubrick,Malcolm McDowell / Patrick Magee / Michael Bates,犯罪/科幻,英国/美国,1971,2小时 16分钟,8.2,916000 ,"$27,034,174 "
118,夺宝奇兵3：圣战奇兵,Steven Spielberg,Harrison Ford / Sean Connery / Alison Doody,动作/冒险,美国/意大利/西班牙/英国/约旦,1989,2小时 7分钟,8.2,843000 ,"$474,171,806 "
119,骗中骗,George Roy Hill,Paul Newman / Robert Redford / Robert Shaw,喜剧/犯罪/剧情,美国,1973,2小时 9分钟,8.2,292000 ,"$156,000,000 "
120,奥本海默,Christopher Nolan,Cillian Murphy / Emily Blunt / Matt Damon,传记/剧情/历史,美国/英国,2023,3小时,8.3,909000 ,"$975,811,333 "
121,大都会,Fritz Lang,Brigitte Helm / Alfred Abel / Gustav Fr?hlich,剧情/科幻,德国,1927,2小时 33分钟,8.3,196000 ,"$1,351,009 "
122,偷拐抢骗,Guy Ritchie,Jason Statham / Brad Pitt / Stephen Graham,喜剧/犯罪,英国/美国,2000,1小时 44分钟,8.2,951000 ,"$83,558,617 "
123,1917,Sam Mendes,Dean-Charles Chapman / George MacKay / Daniel Mays,动作/剧情/战争,英国/美国/印度/西班牙/加拿大,2019,1小时 59分钟,8.2,735000 ,"$446,064,352 "
124,洛城机密,Curtis Hanson,Kevin Spacey / Russell Crowe / Guy Pearce,犯罪/剧情/悬疑,美国,1997,2小时 18分钟,8.2,644000 ,"$126,216,940 "
125,偷自行车的人,Vittorio De Sica,Lamberto Maggiorani / Enzo Staiola / Lianella Carell,剧情,意大利,1948,1小时 29分钟,8.2,187000 ,"$451,643 "
126,帝国的毁灭,Oliver Hirschbiegel,Bruno Ganz / Alexandra Maria Lara / Ulrich Matthes,传记/剧情/历史,德国/奥地利/意大利,2004,2小时 36分钟,8.2,391000 ,"$92,181,574 "
127,摔跤吧！爸爸,Nitesh Tiwari,Aamir Khan / Sakshi Tanwar / Fatima Sana Shaikh,动作/传记/剧情,印度/美国,2016,2小时 41分钟,8.3,229000 ,"$303,726,694 "
128,华尔街之狼,Martin Scorsese,Leonardo DiCaprio / Jonah Hill / Margot Robbie,传记/喜剧/犯罪,美国,2013,3小时,8.2,1700000 ,"$407,039,432 "
129,汉密尔顿,Thomas Kail,Lin-Manuel M伊朗da / Phillipa Soo / Leslie Odom Jr.,传记/剧情/历史,美国,2020,2小时 40分钟,8.3,130000 ,N/A
130,出租车司机,Martin Scorsese,Robert De Niro / Jodie Foster / Cybill Shepherd,犯罪/剧情,美国,1976,1小时 54分钟,8.2,986000 ,"$28,737,520 "
131,绿皮书,Peter Farrelly,Viggo Mortensen / Mahershala Ali / Linda Cardellini,传记/喜剧/剧情,中国/日本/美国,2018,2小时 10分钟,8.2,643000 ,"$321,752,656 "
132,蝙蝠侠：侠影之谜,Christopher Nolan,Christian Bale / Michael Caine / Ken Watanabe,动作/犯罪/剧情,美国/英国,2005,2小时 20分钟,8.2,1700000 ,"$375,406,308 "
133,楚门的世界,Peter Weir,Jim Carrey / Ed Harris / Laura Linney,喜剧/剧情,美国,1998,1小时 43分钟,8.2,1300000 ,"$264,118,712 "
134,黄昏双镖客,Sergio Leone,Clint Eastwood / Lee Van Cleef / Gian Maria Volontè,剧情/西部,意大利/西班牙/西德,1965,2小时 12分钟,8.2,291000 ,"$15,000,000 "
135,纽伦堡的审判,Stanley Kramer,Spencer Tracy / Burt Lancaster / Richard Widmark,剧情/战争,美国,1961,2小时 59分钟,8.3,93000 ,"$12,180 "
136,热情如火,Billy Wilder,Marilyn Monroe / Tony Curtis / Jack Lemmon,喜剧/音乐/爱情,美国,1959,2小时 1分钟,8.2,297000 ,"$208,786 "
137,禁闭岛,Martin Scorsese,Leonardo DiCaprio / Emily Mortimer / Mark Ruffalo,剧情/悬疑/惊悚,美国/加拿大,2010,2小时 18分钟,8.2,1600000 ,"$294,978,537 "
138,寻子遇仙记,Charles Chaplin,Charles Chaplin / Edna Purviance / Jackie Coogan,喜剧/剧情/家庭,美国,1921,1小时 8分钟,8.2,142000 ,"$44,115 "
139,困在时间里的父亲,Florian Zeller,Anthony Hopkins / Olivia Colman / Mark Gatiss,剧情/悬疑,英国/法国/美国,2020,1小时 37分钟,8.2,216000 ,"$24,048,935 "
140,侏罗纪公园,Steven Spielberg,Sam Neill / Laura Dern / Jeff Goldblum,动作/冒险/科幻,美国,1993,2小时 7分钟,8.2,1100000 ,"$1,104,379,926 "
141,彗星美人,Joseph L. Mankiewicz,Bette Davis / Anne Baxter / George Sanders,剧情,美国,1950,2小时 18分钟,8.2,146000 ,"$154,974 "
142,血色将至,Paul Thomas Anderson,Daniel Day-Lewis / Paul Dano / Ciarán Hinds,剧情,美国,2007,2小时 38分钟,8.2,676000 ,"$76,430,381 "
143,第六感,M. Night Shyamalan,Bruce Willis / Haley Joel Osment / Toni Collette,剧情/悬疑/惊悚,美国,1999,1小时 47分钟,8.2,1100000 ,"$672,806,432 "
144,赌场,Martin Scorsese,Robert De Niro / Sharon Stone / Joe Pesci,犯罪/剧情,美国/法国,1995,2小时 58分钟,8.2,597000 ,"$116,112,375 "
145,乱,Akira Kurosawa,Tatsuya Nakadai / Akira Terao / Jinpachi Nezu,动作/剧情/战争,日本/法国,1985,2小时 40分钟,8.2,145000 ,"$4,384,009 "
146,壮志凌云：独行侠,Joseph Kosinski,Tom Cruise / Jennifer Connelly / Miles Teller,动作/剧情,美国,2022,2小时 10分钟,8.2,789000 ,"$1,495,696,292 "
147,老无所依,Ethan Coen,Tommy Lee Jones / Javier Bardem / Josh Brolin,犯罪/剧情/惊悚,美国,2007,2小时 2分钟,8.2,1100000 ,"$171,632,777 "
148,怪形,John Carpenter,Kurt Russell / Wilford Brimley / Keith David,恐怖/悬疑/科幻,美国/加拿大,1982,1小时 49分钟,8.2,503000 ,"$20,842,105 "
149,不可饶恕,Clint Eastwood,Clint Eastwood / Gene Hackman / Morgan Freeman,剧情/西部,美国,1992,2小时 10分钟,8.2,457000 ,"$159,167,799 "
150,潘神的迷宫,Guillermo del Toro,Ivana Baquero / Ariadna Gil / Sergi López,剧情/奇幻/战争,墨西哥/西班牙,2006,1小时 58分钟,8.2,728000 ,"$83,863,565 "
151,杀死比尔,Quentin Tarantino,Uma Thurman / David Carradine / Daryl Hannah,动作/犯罪/惊悚,美国,2003,1小时 51分钟,8.2,1300000 ,"$180,908,413 "
152,美丽心灵,Ron Howard,Russell Crowe / Ed Harris / Jennifer Connelly,传记/剧情/悬疑,美国,2001,2小时 15分钟,8.2,1000000 ,"$316,791,257 "
153,囚徒,Denis Villeneuve,Hugh Jackman / Jake Gyllenhaal / Viola Davis,犯罪/剧情/悬疑,美国,2013,2小时 33分钟,8.2,881000 ,"$122,127,446 "
154,碧血金沙,John Huston,Humphrey Bogart / Walter Huston / Tim Holt,冒险/剧情/西部,美国,1948,2小时 6分钟,8.2,138000 ,"$5,014,000 "
155,用心棒,Akira Kurosawa,Toshir? Mifune / Eijir? T?no / Tatsuya Nakadai,动作/剧情/惊悚,日本,1961,1小时 50分钟,8.2,139000 ,"$68,196 "
156,海底总动员,Andrew Stanton,Albert Brooks / Ellen DeGeneres / Alexander Gould,动画/冒险/喜剧,美国/日本/澳大利亚,2003,1小时 40分钟,8.2,1200000 ,"$941,637,960 "
157,哈尔的移动城堡,Hayao Miyazaki,Chieko Baish? / Takuya Kimura / Tatsuya Gash?in,动画/冒险/家庭,日本/美国,2004,1小时 59分钟,8.2,488000 ,"$241,526,144 "
158,大逃亡,John Sturges,Steve McQueen / James Garner / Richard Attenborough,冒险/剧情/惊悚,美国,1963,2小时 52分钟,8.2,270000 ,"$230,637 "
159,巨蟒与圣杯,Terry Gilliam,Graham Chapman / John Cleese / Eric Idle,冒险/喜剧/奇幻,英国,1975,1小时 31分钟,8.2,591000 ,"$2,931,902 "
160,象人,David Lynch,Anthony Hopkins / John Hurt / Anne Bancroft,传记/剧情,美国/英国,1980,2小时 4分钟,8.2,275000 ,"$26,034,325 "
161,电话谋杀案,Alfred Hitchcock,Ray Milland / Grace Kelly / Robert Cummings,犯罪/剧情/悬疑,美国,1954,1小时 45分钟,8.2,199000 ,"$45,313 "
162,克劳斯：圣诞节的秘密,Sergio Pablos,Jason Schwartzman / J.K. Simmons / Rashida Jones,动画/冒险/喜剧,西班牙/英国/美国/奥地利/加拿大/法国,2019,1小时 36分钟,8.2,217000 ,N/A
163,乱世佳人,Victor Fleming,Clark Gable / Vivien Leigh / Thomas Mitchell,剧情/爱情/战争,美国,1939,3小时 58分钟,8.2,348000 ,"$402,382,193 "
164,唐人街,Roman Polanski,Jack Nicholson / Faye Dunaway / John Huston,剧情/悬疑/惊悚,美国,1974,2小时 10分钟,8.1,367000 ,"$29,232,347 "
165,谜一样的双眼,Juan José Campanella,Ricardo Darín / Soledad Villamil / Pablo Rago,剧情/悬疑/爱情,阿根廷/西班牙,2009,2小时 9分钟,8.2,234000 ,"$35,079,650 "
166,两杆大烟枪,Guy Ritchie,Jason Flemyng / Dexter Fletcher / Nick Moran,喜剧/犯罪,英国/美国,1998,1小时 47分钟,8.1,638000 ,"$3,753,929 "
167,罗生门,Akira Kurosawa,Toshir? Mifune / Machiko Ky? / Masayuki Mori,犯罪/剧情/悬疑,日本,1950,1小时 28分钟,8.2,191000 ,"$139,819 "
168,V字仇杀队,James McTeigue,Hugo Weaving / Natalie Portman / Rupert Graves,动作/剧情/科幻,美国/英国/德国,2005,2小时 12分钟,8.1,1200000 ,"$134,686,457 "
169,头脑特工队,Pete Docter,Amy Poehler / Bill Hader / Lewis Black,动画/冒险/喜剧,美国,2015,1小时 35分钟,8.1,875000 ,"$859,076,254 "
170,三块广告牌,Martin McDonagh,Frances McDormand / Woody Harrelson / Sam Rockwell,喜剧/犯罪/剧情,英国/美国,2017,1小时 55分钟,8.1,587000 ,"$162,729,321 "
171,猫鼠游戏,Steven Spielberg,Leonardo DiCaprio / Tom Hanks / Christopher Walken,传记/犯罪/剧情,美国/加拿大,2002,2小时 21分钟,8.1,1200000 ,"$352,114,312 "
172,猜火车,Danny Boyle,Ewan McGregor / Ewen Bremner / Jonny Lee Miller,犯罪/剧情,英国/美国,1996,1小时 33分钟,8.1,753000 ,"$16,992,984 "
173,桂河大桥,David Lean,William Holden / Alec Guinness / Jack Hawkins,冒险/剧情/战争,英国/美国,1957,2小时 41分钟,8.1,243000 ,"$27,201,366 "
174,愤怒的公牛,Martin Scorsese,Robert De Niro / Cathy Moriarty / Joe Pesci,传记/剧情/运动,美国,1980,2小时 9分钟,8.1,398000 ,"$23,406,017 "
175,荒野机器人,Chris Sanders,Lupita Nyong'o / Pedro Pascal / Kit Connor,动画/冒险/家庭,美国/日本,2024,1小时 42分钟,8.2,186000 ,"$334,537,187 "
176,冰血暴,Joel Coen,William H. Macy / Frances McDormand / Steve Buscemi,犯罪/剧情/惊悚,英国/美国,1996,1小时 38分钟,8.1,761000 ,"$60,611,975 "
177,哈利・波特与死亡圣器(下),David Yates,Daniel Radcliffe / Emma Watson / Rupert Grint,冒险/家庭/奇幻,英国/美国,2011,2小时 10分钟,8.1,1000000 ,"$1,342,505,340 "
178,勇士,Gavin O'Connor,Tom Hardy / Nick Nolte / Joel Edgerton,动作/剧情/运动,美国,2011,2小时 20分钟,8.1,517000 ,"$23,308,615 "
179,老爷车,Clint Eastwood,Clint Eastwood / Bee Vang / Christopher Carley,剧情,德国/美国,2008,1小时 56分钟,8.1,843000 ,"$269,958,228 "
180,百万美元宝贝,Clint Eastwood,Hilary Swank / Clint Eastwood / Morgan Freeman,剧情/运动,美国,2004,2小时 12分钟,8.1,750000 ,"$216,763,646 "
181,宾虚,William Wyler,Charlton Heston / Jack Hawkins / Stephen Boyd,冒险/剧情,美国,1959,3小时 32分钟,8.1,265000 ,"$74,439,376 "
182,疯狂的麦克斯：狂怒道,George Miller,Tom Hardy / Charlize Theron / Nicholas Hoult,动作/冒险/科幻,澳大利亚/美国,2015,2小时,8.1,1200000 ,"$380,437,267 "
183,龙猫,Hayao Miyazaki,Hitoshi Takagi / Noriko Hidaka / Chika Sakamoto,动画/喜剧/家庭,日本,1988,1小时 26分钟,8.1,412000 ,"$30,430,087 "
184,巴里・林登,Stanley Kubrick,Ryan O'Neal / Marisa Berenson / Patrick Magee,冒险/剧情/战争,英国/美国,1975,3小时 5分钟,8.1,195000 ,"$284,426 "
185,死亡诗社,Peter Weir,Robin Williams / Robert Sean Leonard / Ethan Hawke,喜剧/剧情,美国,1989,2小时 8分钟,8.1,597000 ,"$235,860,116 "
186,天堂的孩子,Majid Majidi,Reza Naji / Amir Farrokh Hashemian / Bahare Seddiqi,剧情/家庭/运动,伊朗,1997,1小时 29分钟,8.2,87000 ,"$933,933 "
187,蜘蛛侠：英雄无归,Jon Watts,Tom Holland / Zendaya / Benedict Cumberbatch,动作/冒险/奇幻,美国,2021,2小时 28分钟,8.2,962000 ,"$1,921,426,073 "
188,血战钢锯岭,Mel Gibson,Andrew Garfield / Sam Worthington / Luke Bracey,传记/剧情/历史,美国,2016,2小时 19分钟,8.1,643000 ,"$180,563,636 "
189,布达佩斯大饭店,Wes Anderson,Ralph Fiennes / F. Murray Abraham / Mathieu Amalric,喜剧/剧情,美国/德国,2014,1小时 39分钟,8.1,933000 ,"$174,567,384 "
190,为奴十二年,Steve McQueen,Chiwetel Ejiofor / Michael Kenneth Williams / Michael Fassbender,传记/剧情/历史,英国/美国,2013,2小时 14分钟,8.1,768000 ,"$187,734,091 "
191,爱在黎明破晓前,Richard Linklater,Ethan Hawke / Julie Delpy / Andrea Eckert,喜剧/剧情/爱情,美国/奥地利,1995,1小时 41分钟,8.1,362000 ,"$6,572,057 "
192,银翼杀手,Ridley Scott,Harrison Ford / Rutger Hauer / Sean Young,动作/剧情/科幻,美国/英国,1982,1小时 57分钟,8.1,858000 ,"$41,767,218 "
193,杀人回忆,Bong Joon Ho,Song Kang-ho / Kim Sang-kyung / Kim Roe-ha,犯罪/剧情/悬疑,韩国,2003,2小时 11分钟,8.1,245000 ,"$1,210,763 "
194,消失的爱人,David Fincher,Ben Affleck / Rosamund Pike / Neil Patrick Harris,剧情/悬疑/惊悚,美国,2014,2小时 29分钟,8.1,1100000 ,"$370,890,259 "
195,料理鼠王,Brad Bird,Brad Garrett / Lou Romano / Patton Oswalt,动画/冒险/喜剧,美国,2007,1小时 51分钟,8.1,894000 ,"$623,730,087 "
196,驯龙高手,Dean DeBlois,Jay Baruchel / Gerard Butler / Christopher Mintz-Plasse,动画/动作/冒险,美国/法国/英国,2010,1小时 38分钟,8.1,856000 ,"$494,879,860 "
197,怪兽电力公司,Pete Docter,Billy Crystal / John Goodman / Mary Gibbs,动画/冒险/喜剧,美国,2001,1小时 32分钟,8.1,1000000 ,"$579,771,043 "
198,因父之名,Jim Sheridan,Daniel Day-Lewis / Pete Postlethwaite / Alison Crosbie,传记/犯罪/剧情,爱尔兰/英国/美国,1993,2小时 13分钟,8.1,197000 ,"$65,796,862 "
199,大白鲨,Steven Spielberg,Roy Scheider / Robert Shaw / Richard Dreyfuss,冒险/恐怖/惊悚,美国,1975,2小时 4分钟,8.1,703000 ,"$477,916,625 "
200,荒蛮故事,Damián Szifron,Darío Grandinetti / María Marull / Mónica Villa,喜剧/剧情/惊悚,阿根廷/西班牙/法国/英国,2014,2小时 2分钟,8.1,230000 ,"$31,478,893 "
201,淘金记,Charles Chaplin,Charles Chaplin / Mack Swain / Tom Murray,冒险/喜剧/剧情,美国,1925,1小时 35分钟,8.1,125000 ,"$68,321 "
202,福尔摩斯二世,Buster Keaton,Buster Keaton / Kathryn McGuire / Joe Keaton,动作/喜剧/爱情,美国,1924,45分钟,8.2,63000 ,$399 
203,极速车王,James Mangold,Matt Damon / Christian Bale / Jon Bernthal,动作/传记/剧情,美国,2019,2小时 32分钟,8.1,531000 ,"$226,299,480 "
204,玛丽和马克思,Adam Elliot,Toni Collette / Philip Seymour Hoffman / Eric Bana,动画/喜剧/剧情,澳大利亚,2009,1小时 32分钟,8.1,197000 ,"$1,740,791 "
205,猎鹿人,Michael Cimino,Robert De Niro / Christopher Walken / John Cazale,剧情/战争,美国/英国,1978,3小时 3分钟,8.1,378000 ,"$49,080,312 "
206,恐惧的代价,Henri-Georges Clouzot,Yves Montand / Charles Vanel / Peter van Eyck,冒险/剧情/惊悚,法国/意大利,1953,2小时 36分钟,8.1,71000 ,"$22,326 "
207,将军号,Clyde Bruckman,Buster Keaton / Marion Mack / Glen Cavender,动作/冒险/喜剧,美国,1926,1小时 18分钟,8.1,103000 ,"$1,344 "
208,史密斯先生到华盛顿,Frank Capra,James Stewart / Jean Arthur / Claude Rains,喜剧/剧情,美国,1939,2小时 9分钟,8.1,127000 ,"$146,123 "
209,码头风云,Elia Kazan,Marlon Brando / Karl Malden / Lee J. Cobb,犯罪/剧情/惊悚,美国,1954,1小时 48分钟,8.1,174000 ,"$3,768 "
210,金刚狼3：殊死一战,James Mangold,Hugh Jackman / Patrick Stewart / Dafne Keen,动作/剧情/科幻,美国,2017,2小时 17分钟,8.1,896000 ,"$619,180,476 "
211,野草莓,Ingmar Bergman,Victor Sj?str?m / Bibi Andersson / Ingrid Thulin,剧情/爱情,瑞典,1957,1小时 32分钟,8.1,121000 ,"$81,070 "
212,洛奇,John G. Avildsen,Sylvester Stallone / Talia Shire / Burt Young,剧情/运动,美国,1976,2小时,8.1,664000 ,"$117,253,345 "
213,第三人,Carol Reed,Orson Welles / Joseph Cotten / Alida Valli,剧情/黑色/悬疑,英国,1949,1小时 44分钟,8.1,191000 ,"$1,421,864 "
214,东京物语,Yasujir? Ozu,Chish? Ry? / Chieko Higashiyama / S? Yamamura,剧情,日本,1953,2小时 17分钟,8.1,75000 ,"$93,881 "
215,聚焦,Tom McCarthy,Mark Ruffalo / Michael Keaton / Rachel McAdams,传记/犯罪/剧情,美国,2015,2小时 9分钟,8.1,522000 ,"$98,690,254 "
216,终结者,James Cameron,Arnold Schwarzenegger / Linda Hamilton / Michael Biehn,动作/冒险/科幻,英国/美国,1984,1小时 47分钟,8.1,971000 ,"$78,371,200 "
217,谋杀绿脚趾,Joel Coen,Jeff Bridges / John Goodman / Julianne Moore,喜剧/犯罪,英国/美国,1998,1小时 57分钟,8.1,895000 ,"$48,261,691 "
218,加勒比海盗：黑珍珠号的诅咒,Gore Verbinski,Johnny Depp / Geoffrey Rush / Orlando Bloom,动作/冒险/奇幻,美国,2003,2小时 23分钟,8.1,1300000 ,"$654,264,546 "
219,马哈贾,Nithilan Saminathan,Vijay Sethupathi / Anurag Kashyap / Mamta Mohandas,动作/犯罪/剧情,印度,2024,N/A,8.4,71000 ,"$975,543 "
220,第七封印,Ingmar Bergman,Max von Sydow / Gunnar Bj?rnstrand / Bengt Ekerot,剧情/奇幻,瑞典,1957,1小时 36分钟,8.1,210000 ,"$312,104 "
221,怒火青春,Mathieu Kassovitz,Vincent Cassel / Hubert Koundé / Sa?d Taghmaoui,犯罪/剧情,法国,1995,1小时 38分钟,8.1,214000 ,"$760,851 "
222,房间,Lenny Abrahamson,Brie Larson / Jacob Tremblay / Sean Bridgers,剧情/惊悚,爱尔兰/加拿大/英国/美国,2015,1小时 58分钟,8.1,470000 ,"$35,402,766 "
223,杰伊・比姆,T.J. Gnanavel,Suriya / Lijo Mol Jose / Manikandan K.,犯罪/剧情,印度/美国,2021,2小时 44分钟,8.6,228000 ,N/A
224,卢旺达饭店,Terry George,Don Cheadle / Sophie Okonedo / Joaquin Phoenix,传记/剧情/历史,美国/英国/南非/意大利,2004,2小时 1分钟,8.1,385000 ,"$33,882,243 "
225,野战排,Oliver Stone,Charlie Sheen / Tom Berenger / Willem Dafoe,剧情/战争,美国/英国,1986,2小时,8.1,459000 ,"$138,546,255 "
226,黄金时代,William Wyler,Myrna Loy / Dana Andrews / Fredric March,剧情/爱情/战争,美国,1946,2小时 50分钟,8.1,75000 ,"$23,667,133 "
227,爱在日落黄昏时,Richard Linklater,Ethan Hawke / Julie Delpy / Vernon Dobtcheff,剧情/爱情,法国/美国,2004,1小时 20分钟,8.1,304000 ,"$16,506,532 "
228,音乐之声,Robert Wise,Julie Andrews / Christopher Plummer / Eleanor Parker,传记/剧情/家庭,美国,1965,2小时 52分钟,8.1,279000 ,"$159,500,547 "
229,驱魔人,William Friedkin,Ellen Burstyn / Max von Sydow / Linda Blair,恐怖,美国,1973,2小时 2分钟,8.1,481000 ,"$430,872,776 "
230,超人总动员,Brad Bird,Craig T. Nelson / Samuel L. Jackson / Holly Hunter,动画/动作/冒险,美国,2004,1小时 55分钟,8,862000 ,"$631,688,498 "
231,绿野仙踪,Victor Fleming,Judy Garland / Frank Morgan / Ray Bolger,冒险/家庭/奇幻,美国,1939,1小时 42分钟,8.1,453000 ,"$25,637,669 "
232,忠犬八公的故事,Lasse Hallstr?m,Richard Gere / Joan Allen / Cary-Hiroyuki Tagawa,传记/剧情/家庭,英国/美国,2009,1小时 33分钟,8.1,331000 ,"$46,749,646 "
233,圣女贞德的受难,Carl Theodor Dreyer,Maria Falconetti / Eugene Silvain / André Berley,传记/剧情/历史,法国,1928,1小时 50分钟,8.1,66000 ,"$22,731 "
234,极速风流,Ron Howard,Daniel Brühl / Chris Hemsworth / Olivia Wilde,传记/剧情/运动,英国/美国,2013,2小时 3分钟,8.1,539000 ,"$96,992,516 "
235,伴我同行,Rob Reiner,Wil Wheaton / River Phoenix / Corey Feldman,冒险/喜剧/剧情,美国,1986,1小时 29分钟,8.1,468000 ,"$53,525,035 "
236,我的父亲，我的儿子,?agan Irmak,?etin Tekindor / Fikret Kuskan / Hümeyra,剧情/家庭,土耳其,2005,1小时 52分钟,8.2,98000 ,"$18,612,999 "
237,声之形,Naoko Yamada,Miyu Irino / Saori Hayami / Aoi Y?ki,动画/剧情,日本,2016,2小时 10分钟,8.1,124000 ,"$30,819,442 "
238,钢铁巨人,Brad Bird,Eli Marienthal / Harry Connick Jr. / Jennifer Aniston,动画/动作/冒险,美国/捷克/英国,1999,1小时 26分钟,8.1,247000 ,"$23,339,506 "
239,电视台风云,Sidney Lumet,Faye Dunaway / William Holden / Peter Finch,剧情,美国,1976,2小时 1分钟,8.1,181000 ,"$23,701,317 "
240,小姐,Park Chan-wook,Kim Min-hee / Ha Jung-woo / Cho Jin-woong,剧情/爱情/惊悚,韩国,2016,2小时 25分钟,8.1,191000 ,"$37,863,670 "
241,阿尔及尔之战,Gillo Pontecorvo,Brahim Hadjadj / Jean Martin / Yacef Saadi,剧情/战争,意大利/阿尔及利亚,1966,2小时 1分钟,8.1,72000 ,"$962,002 "
242,愤怒的葡萄,John Ford,Henry Fonda / Jane Darwell / John Carradine,剧情,美国,1940,2小时 9分钟,8.1,106000 ,"$7,304 "
243,你逃我也逃,Ernst Lubitsch,Carole Lombard / Jack Benny / Robert Stack,喜剧/爱情/战争,美国,1942,1小时 39分钟,8.1,48000 ,"$4,578,000 "
244,荒野生存,Sean Penn,Emile Hirsch / Vince Vaughn / Catherine Keener,冒险/传记/剧情,美国,2007,2小时 28分钟,8,682000 ,"$56,676,733 "
245,土拨鼠之日,Harold Ramis,Bill Murray / Andie MacDowell / Chris Elliott,喜剧/剧情/奇幻,美国,1993,1小时 41分钟,8,721000 ,"$71,108,778 "
246,相助,Tate Taylor,Viola Davis / Emma Stone / Octavia Spencer,剧情,美国/印度,2011,2小时 26分钟,8.1,516000 ,"$221,802,186 "
247,瓦塞浦黑帮,Anurag Kashyap,Manoj Bajpayee / Nawazuddin Siddiqui / Tigmanshu Dhulia,动作/喜剧/犯罪,印度/法国,2012,5小时 21分钟,8.2,109000 ,"$4,384,642 "
248,误杀瞒天记,Nishikant Kamat,Ajay Devgn / Shriya Saran / Tabu,犯罪/剧情/悬疑,印度,2015,2小时 43分钟,8.2,102000 ,N/A
249,调音师,Sriram Raghavan,Ayushmann Khurrana / Tabu / Radhika Apte,犯罪/悬疑/惊悚,印度,2018,2小时 19分钟,8.2,110000 ,"$62,475,342 "
250,爱情是狗娘,Alejandro G. I?árritu,Emilio Echevarría / Gael García Bernal / Goya Toledo,剧情/惊悚,墨西哥,2000,2小时 34分钟,8,269000 ,"$20,908,467 "
