电影名称,导演,主演,电影类型,国家,上映年份,片长,评分,评论人数,全球票房
The Shawshank Redemption,Frank Darabont,Tim Robbins / Morgan Freeman / Bob Gunton,Drama,United States,1994,2h 22m,9.3,3.1M,"$29,333,735"
The Godfather,Francis Ford Coppola,Marlon Brando / Al Pacino / James Caan,Crime/Drama,United States,1972,2h 55m,9.2,2.1M,"$250,342,198"
The Dark Knight,Christopher Nolan,Christian Bale / Heath Ledger / Aaron Eckhart,Action/Crime/Drama,United States/United Kingdom,2008,2h 32m,9.0,3M,"$1,009,057,329"
The Godfather Part II,Francis Ford Coppola,Al Pacino / Robert De Niro / Robert Duvall,Crime/Drama,United States,1974,3h 22m,9.0,1.4M,"$47,983,687"
12 Angry Men,Sidney Lumet,Henry Fonda / Lee J. Cobb / Martin Balsam,Crime/Drama,United States,1957,1h 36m,9.0,936K,"$2,945"
The Lord of the Rings: The Return of the King,Peter Jackson,Elijah Wood / Viggo Mortensen / Ian McKellen,Adventure/Drama/Fantasy,New Zealand/United States,2003,3h 21m,9.0,2.1M,"$1,138,585,547"
Schindler's List,Steven Spielberg,Liam Neeson / Ralph Fiennes / Ben Kingsley,Biography/Drama/History,United States,1993,3h 15m,9.0,1.5M,"$322,161,245"
Pulp Fiction,Quentin Tarantino,John Travolta / Uma Thurman / Samuel L. Jackson,Crime/Drama,United States,1994,2h 34m,8.8,2.4M,"$213,928,762"
The Lord of the Rings: The Fellowship of the Ring,Peter Jackson,Elijah Wood / Ian McKellen / Orlando Bloom,Adventure/Drama/Fantasy,New Zealand/United States/United Kingdom,2001,2h 58m,8.9,2.1M,"$888,483,037"
"Il buono, il brutto, il cattivo",Sergio Leone,Clint Eastwood / Eli Wallach / Lee Van Cleef,Adventure/Drama/Western,Italy/Spain/West Germany/United States,1966,2h 41m,8.8,861K,"$25,266,106"
Forrest Gump,Robert Zemeckis,Tom Hanks / Robin Wright / Gary Sinise,Drama/Romance,United States,1994,2h 22m,8.8,2.4M,"$678,226,465"
The Lord of the Rings: The Two Towers,Peter Jackson,Elijah Wood / Ian McKellen / Viggo Mortensen,Adventure/Drama/Fantasy,New Zealand/United States,2002,2h 59m,8.8,1.9M,"$938,532,865"
Fight Club,David Fincher,Brad Pitt / Edward Norton / Meat Loaf,Crime/Drama/Thriller,United States/Germany,1999,2h 19m,8.8,2.5M,"$101,321,009"
Inception,Christopher Nolan,Leonardo DiCaprio / Joseph Gordon-Levitt / Elliot Page,Action/Adventure/Sci-Fi,United States/United Kingdom,2010,2h 28m,8.8,2.7M,"$839,381,898"
Star Wars: Episode V - The Empire Strikes Back,Irvin Kershner,Mark Hamill / Harrison Ford / Carrie Fisher,Action/Adventure/Fantasy,United States,1980,2h 4m,8.7,1.5M,"$550,016,086"
The Matrix,Lana Wachowski,Keanu Reeves / Laurence Fishburne / Carrie-Anne Moss,Action/Sci-Fi,United States/Australia,1999,2h 16m,8.7,2.2M,"$467,841,735"
GoodFellas,Martin Scorsese,Robert De Niro / Ray Liotta / Joe Pesci,Biography/Crime/Drama,United States,1990,2h 25m,8.7,1.3M,"$47,068,004"
Interstellar,Christopher Nolan,Matthew McConaughey / Anne Hathaway / Jessica Chastain,Adventure/Drama/Sci-Fi,United States/United Kingdom/Canada,2014,2h 49m,8.7,2.4M,"$758,690,230"
One Flew Over the Cuckoo's Nest,Milos Forman,Jack Nicholson / Louise Fletcher / Michael Berryman,Drama,United States,1975,2h 13m,8.7,1.1M,"$109,116,594"
Se7en,David Fincher,Morgan Freeman / Brad Pitt / Kevin Spacey,Crime/Drama/Mystery,United States,1995,2h 7m,8.6,1.9M,"$328,983,304"
It's a Wonderful Life,Frank Capra,James Stewart / Donna Reed / Lionel Barrymore,Drama/Family/Fantasy,United States,1946,2h 10m,8.6,531K,"$10,635,461"
The Silence of the Lambs,Jonathan Demme,Jodie Foster / Anthony Hopkins / Scott Glenn,Crime/Drama/Horror,United States,1991,1h 58m,8.6,1.6M,"$272,742,922"
Shichinin no samurai,Akira Kurosawa,Toshirô Mifune / Takashi Shimura / Keiko Tsushima,Action/Drama,Japan,1954,3h 27m,8.6,388K,"$1,082,148"
Saving Private Ryan,Steven Spielberg,Tom Hanks / Matt Damon / Tom Sizemore,Drama/War,United States,1998,2h 49m,8.6,1.6M,"$482,352,390"
The Green Mile,Frank Darabont,Tom Hanks / Michael Clarke Duncan / David Morse,Crime/Drama/Fantasy,United States,1999,3h 9m,8.6,1.5M,"$286,801,374"
Cidade de Deus,Fernando Meirelles,Alexandre Rodrigues / Leandro Firmino / Matheus Nachtergaele,Crime/Drama,Brazil/France,2002,2h 10m,8.6,843K,"$30,681,033"
La vita è bella,Roberto Benigni,Roberto Benigni / Nicoletta Braschi / Giorgio Cantarini,Comedy/Drama/Romance,Italy,1997,1h 56m,8.6,784K,"$230,099,013"
Terminator 2: Judgment Day,James Cameron,Arnold Schwarzenegger / Linda Hamilton / Edward Furlong,Action/Adventure/Sci-Fi,United States/France,1991,2h 17m,8.6,1.2M,"$517,778,573"
Star Wars,George Lucas,Mark Hamill / Harrison Ford / Carrie Fisher,Action/Adventure/Fantasy,United States,1977,2h 1m,8.6,1.5M,"$775,398,507"
Back to the Future,Robert Zemeckis,Michael J. Fox / Christopher Lloyd / Lea Thompson,Adventure/Comedy/Sci-Fi,United States,1985,1h 56m,8.5,1.4M,"$385,053,307"
Sen to Chihiro no kamikakushi,Hayao Miyazaki,Daveigh Chase / Suzanne Pleshette / Miyu Irino,Animation/Adventure/Family,Japan/United States,2001,2h 4m,8.6,919K,"$359,592,415"
The Pianist,Roman Polanski,Adrien Brody / Thomas Kretschmann / Frank Finlay,Biography/Drama/Music,France/Poland/Germany/United Kingdom/United States,2002,2h 30m,8.5,975K,"$120,098,945"
Gladiator,Ridley Scott,Russell Crowe / Joaquin Phoenix / Connie Nielsen,Action/Adventure/Drama,United States/United Kingdom/Malta/Morocco,2000,2h 35m,8.5,1.8M,"$465,516,248"
Gisaengchung,Bong Joon Ho,Song Kang-ho / Lee Sun-kyun / Cho Yeo-jeong,Drama/Thriller,South Korea,2019,2h 12m,8.5,1.1M,"$262,616,458"
Psycho,Alfred Hitchcock,Anthony Perkins / Janet Leigh / Vera Miles,Drama/Horror/Mystery,United States,1960,1h 49m,8.5,757K,"$32,253,563"
The Lion King,Roger Allers,Matthew Broderick / Jeremy Irons / James Earl Jones,Animation/Adventure/Drama,United States,1994,1h 28m,8.5,1.2M,"$979,161,373"
Hotaru no haka,Isao Takahata,Tsutomu Tatsumi / Ayano Shiraishi / Akemi Yamaguchi,Animation/Drama/War,Japan,1988,1h 28m,8.5,355K,"$842,132"
The Departed,Martin Scorsese,Leonardo DiCaprio / Matt Damon / Jack Nicholson,Crime/Drama/Thriller,United States/Hong Kong,2006,2h 31m,8.5,1.5M,"$291,481,358"
Whiplash,Damien Chazelle,Miles Teller / J.K. Simmons / Melissa Benoist,Drama/Music,United States,2014,1h 46m,8.5,1.1M,"$50,360,880"
Seppuku,Masaki Kobayashi,Tatsuya Nakadai / Akira Ishihama / Shima Iwashita,Drama/Mystery,Japan,1962,2h 13m,8.6,81K,"$15,222"
The Prestige,Christopher Nolan,Christian Bale / Hugh Jackman / Scarlett Johansson,Drama/Mystery/Sci-Fi,United Kingdom/United States,2006,2h 10m,8.5,1.5M,"$109,676,311"
American History X,Tony Kaye,Edward Norton / Edward Furlong / Beverly D'Angelo,Crime/Drama,United States,1998,1h 59m,8.5,1.2M,"$23,875,714"
Léon,Luc Besson,Jean Reno / Gary Oldman / Natalie Portman,Action/Crime/Drama,France/United States,1994,1h 50m,8.5,1.3M,"$20,330,788"
Spider-Man: Across the Spider-Verse,Joaquim Dos Santos,Shameik Moore / Hailee Steinfeld / Brian Tyree Henry,Animation/Action/Adventure,United States,2023,2h 20m,8.5,466K,"$690,824,738"
Casablanca,Michael Curtiz,Humphrey Bogart / Ingrid Bergman / Paul Henreid,Drama/Romance/War,United States,1942,1h 42m,8.5,636K,"$4,731,471"
The Usual Suspects,Bryan Singer,Kevin Spacey / Gabriel Byrne / Chazz Palminteri,Crime/Drama/Mystery,United States/Germany,1995,1h 46m,8.5,1.2M,"$23,341,568"
Nuovo Cinema Paradiso,Giuseppe Tornatore,Philippe Noiret / Enzo Cannavale / Antonella Attili,Drama/Romance,Italy/France,1988,2h 54m,8.5,304K,"$13,396,557"
Intouchables,Olivier Nakache,François Cluzet / Omar Sy / Anne Le Ny,Comedy/Drama,France,2011,1h 52m,8.5,985K,"$426,590,315"
Alien,Ridley Scott,Sigourney Weaver / Tom Skerritt / John Hurt,Horror/Sci-Fi,United Kingdom/United States,1979,1h 57m,8.5,1M,"$109,102,567"
Modern Times,Charles Chaplin,Charles Chaplin / Paulette Goddard / Henry Bergman,Comedy/Drama/Romance,United States,1936,1h 27m,8.5,275K,"$463,618"
Rear Window,Alfred Hitchcock,James Stewart / Grace Kelly / Wendell Corey,Drama/Mystery/Thriller,United States,1954,1h 52m,8.5,551K,"$37,905,475"
C'era una volta il West,Sergio Leone,Henry Fonda / Charles Bronson / Claudia Cardinale,Drama/Western,Italy/United States,1968,2h 46m,8.5,371K,"$5,435,312"
Django Unchained,Quentin Tarantino,Jamie Foxx / Christoph Waltz / Leonardo DiCaprio,Drama/Western,United States,2012,2h 45m,8.5,1.8M,"$426,076,293"
City Lights,Charles Chaplin,Charles Chaplin / Virginia Cherrill / Florence Lee,Comedy/Drama/Romance,United States,1931,1h 27m,8.5,208K,"$55,154"
Apocalypse Now,Francis Ford Coppola,Martin Sheen / Marlon Brando / Robert Duvall,Drama/Mystery/War,United States,1979,2h 27m,8.4,747K,"$105,150,841"
WALL·E,Andrew Stanton,Ben Burtt / Elissa Knight / Jeff Garlin,Animation/Adventure/Family,United States/Japan,2008,1h 38m,8.4,1.3M,"$527,403,656"
Memento,Christopher Nolan,Guy Pearce / Carrie-Anne Moss / Joe Pantoliano,Drama/Mystery/Thriller,United States,2000,1h 53m,8.4,1.4M,"$40,060,108"
Dune: Part Two,Denis Villeneuve,Timothée Chalamet / Zendaya / Rebecca Ferguson,Action/Adventure/Drama,United States/Canada/United Arab Emirates/Hungary/Italy/New Zealand/Jordan/Gambia,2024,2h 46m,8.5,647K,"$714,844,358"
Raiders of the Lost Ark,Steven Spielberg,Harrison Ford / Karen Allen / Paul Freeman,Action/Adventure,United States,1981,1h 55m,8.4,1.1M,"$389,925,971"
Das Leben der Anderen,Florian Henckel von Donnersmarck,Ulrich Mühe / Martina Gedeck / Sebastian Koch,Drama/Mystery/Thriller,Germany/France,2006,2h 17m,8.4,430K,"$77,672,685"
Avengers: Infinity War,Anthony Russo,Robert Downey Jr. / Chris Hemsworth / Mark Ruffalo,Action/Adventure/Sci-Fi,United States/Norway,2018,2h 29m,8.4,1.3M,"$2,052,415,039"
Sunset Boulevard,Billy Wilder,William Holden / Gloria Swanson / Erich von Stroheim,Drama/Film-Noir,United States,1950,1h 50m,8.4,250K,"$310,954"
Spider-Man: Into the Spider-Verse,Bob Persichetti,Shameik Moore / Jake Johnson / Hailee Steinfeld,Animation/Action/Adventure,Canada/United States,2018,1h 57m,8.4,739K,"$393,602,435"
Witness for the Prosecution,Billy Wilder,Tyrone Power / Marlene Dietrich / Charles Laughton,Crime/Drama/Mystery,United States,1957,1h 56m,8.4,151K,"$7,903"
Paths of Glory,Stanley Kubrick,Kirk Douglas / Ralph Meeker / Adolphe Menjou,Drama/War,United States,1957,1h 28m,8.4,228K,"$8,290"
The Shining,Stanley Kubrick,Jack Nicholson / Shelley Duvall / Danny Lloyd,Drama/Horror,United Kingdom/United States,1980,2h 26m,8.4,1.2M,"$47,969,816"
The Great Dictator,Charles Chaplin,Charles Chaplin / Paulette Goddard / Jack Oakie,Comedy/Drama/War,United States,1940,2h 5m,8.4,250K,"$972,212"
12th Fail,Vidhu Vinod Chopra,Vikrant Massey / Medha Shankr / Anant Joshi,Biography/Drama,India,2023,N/A,8.7,152K,"$138,288"
Inglourious Basterds,Quentin Tarantino,Brad Pitt / Diane Kruger / Eli Roth,Adventure/Drama/War,United States/Germany,2009,2h 33m,8.4,1.7M,"$321,460,744"
Aliens,James Cameron,Sigourney Weaver / Michael Biehn / Carrie Henn,Action/Adventure/Horror,United Kingdom/United States,1986,2h 17m,8.4,813K,"$131,060,248"
The Dark Knight Rises,Christopher Nolan,Christian Bale / Tom Hardy / Anne Hathaway,Action/Crime/Drama,United States/United Kingdom,2012,2h 44m,8.4,1.9M,"$1,114,976,407"
Coco,Lee Unkrich,Anthony Gonzalez / Gael García Bernal / Benjamin Bratt,Animation/Adventure/Drama,United States/Mexico,2017,1h 45m,8.4,658K,"$814,641,172"
Amadeus,Milos Forman,F. Murray Abraham / Tom Hulce / Elizabeth Berridge,Biography/Drama/Music,United States/France,1984,2h 40m,8.4,451K,"$52,205,710"
Toy Story,John Lasseter,Tom Hanks / Tim Allen / Don Rickles,Animation/Adventure/Comedy,United States,1995,1h 21m,8.3,1.1M,"$394,436,586"
Avengers: Endgame,Anthony Russo,Robert Downey Jr. / Chris Evans / Mark Ruffalo,Action/Adventure/Sci-Fi,United States,2019,3h 1m,8.4,1.4M,"$2,799,439,100"
Good Will Hunting,Gus Van Sant,Robin Williams / Matt Damon / Ben Affleck,Drama/Romance,United States,1997,2h 6m,8.3,1.1M,"$225,933,435"
Dr. Strangelove or: How I Learned to Stop Worrying and Love the Bomb,Stanley Kubrick,Peter Sellers / George C. Scott / Sterling Hayden,Comedy/War,United Kingdom/United States,1964,1h 35m,8.3,540K,"$9,631,984"
Oldeuboi,Park Chan-wook,Choi Min-sik / Yoo Ji-tae / Kang Hye-jeong,Action/Drama/Mystery,South Korea,2003,2h,8.3,685K,"$17,617,021"
Das Boot,Wolfgang Petersen,Jürgen Prochnow / Herbert Grönemeyer / Klaus Wennemann,Drama/War,West Germany,1981,N/A,8.4,281K,"$11,489,051"
Braveheart,Mel Gibson,Mel Gibson / Sophie Marceau / Patrick McGoohan,Biography/Drama/War,United States,1995,2h 58m,8.3,1.1M,"$213,216,216"
Tengoku to jigoku,Akira Kurosawa,Toshirô Mifune / Yutaka Sada / Tatsuya Nakadai,Crime/Drama/Mystery,Japan,1963,2h 23m,8.4,62K,"$64,503"
American Beauty,Sam Mendes,Kevin Spacey / Annette Bening / Thora Birch,Drama,United States,1999,2h 2m,8.3,1.3M,"$356,296,601"
Mononoke-hime,Hayao Miyazaki,Yôji Matsuda / Yuriko Ishida / Yûko Tanaka,Animation/Adventure/Fantasy,Japan,1997,2h 13m,8.3,464K,"$177,642,980"
Kimi no na wa.,Makoto Shinkai,Ryûnosuke Kamiki / Mone Kamishiraishi / Ryo Narita,Animation/Drama/Fantasy,Japan,2016,N/A,8.4,363K,"$405,340,703"
3 Idiots,Rajkumar Hirani,Aamir Khan / Madhavan / Mona Singh,Comedy/Drama,India,2009,2h 50m,8.4,463K,"$60,262,836"
Joker,Todd Phillips,Joaquin Phoenix / Robert De Niro / Zazie Beetz,Crime/Drama/Thriller,United States/Canada/Australia,2019,2h 2m,8.3,1.6M,"$1,078,958,629"
Capharnaüm,Nadine Labaki,Zain Al Rafeea / Yordanos Shiferaw / Boluwatife Treasure Bankole,Drama,Lebanon/United States/France/Cyprus/Qatar/United Kingdom,2018,2h 6m,8.4,118K,"$64,417,003"
Once Upon a Time in America,Sergio Leone,Robert De Niro / James Woods / Elizabeth McGovern,Crime/Drama,Italy/United States,1984,3h 49m,8.3,398K,"$5,476,126"
Singin' in the Rain,Stanley Donen,Gene Kelly / Donald O'Connor / Debbie Reynolds,Comedy/Musical/Romance,United States,1952,1h 43m,8.3,274K,"$2,096,442"
Idi i smotri,Elem Klimov,Aleksey Kravchenko / Olga Mironova / Liubomiras Laucevicius,Drama/Thriller/War,Soviet Union,1985,2h 22m,8.3,114K,"$20,929,648"
Requiem for a Dream,Darren Aronofsky,Ellen Burstyn / Jared Leto / Jennifer Connelly,Drama,United States,2000,1h 42m,8.3,944K,"$7,391,471"
Star Wars: Episode VI - Return of the Jedi,Richard Marquand,Mark Hamill / Harrison Ford / Carrie Fisher,Action/Adventure/Fantasy,United States,1983,2h 11m,8.3,1.2M,"$482,466,382"
Toy Story 3,Lee Unkrich,Tom Hanks / Tim Allen / Joan Cusack,Animation/Adventure/Comedy,United States,2010,1h 43m,8.3,937K,"$1,067,316,101"
Jagten,Thomas Vinterberg,Mads Mikkelsen / Thomas Bo Larsen / Annika Wedderkopp,Drama,Denmark/Sweden/Belgium/France,2012,1h 55m,8.3,391K,"$15,886,373"
Ikiru,Akira Kurosawa,Takashi Shimura / Nobuo Kaneko / Shin'ichi Himori,Drama,Japan,1952,2h 23m,8.3,98K,"$114,026"
Eternal Sunshine of the Spotless Mind,Michel Gondry,Jim Carrey / Kate Winslet / Tom Wilkinson,Drama/Romance/Sci-Fi,United States,2004,1h 48m,8.3,1.1M,"$73,384,095"
Incendies,Denis Villeneuve,Lubna Azabal / Mélissa Désormeaux-Poulin / Maxim Gaudette,Drama/Mystery/War,Canada/France,2010,2h 11m,8.3,232K,"$6,796,926"
2001: A Space Odyssey,Stanley Kubrick,Keir Dullea / Gary Lockwood / William Sylvester,Adventure/Sci-Fi,United Kingdom/United States,1968,2h 29m,8.3,758K,"$66,890,296"
The Apartment,Billy Wilder,Jack Lemmon / Shirley MacLaine / Fred MacMurray,Comedy/Drama/Romance,United States,1960,2h 5m,8.3,210K,"$18,783,770"
Reservoir Dogs,Quentin Tarantino,Harvey Keitel / Tim Roth / Michael Madsen,Crime/Thriller,United States,1992,1h 39m,8.3,1.1M,"$2,932,006"
Lawrence of Arabia,David Lean,Peter O'Toole / Alec Guinness / Anthony Quinn,Adventure/Biography/Drama,United Kingdom/United States,1962,3h 47m,8.3,331K,"$45,874,235"
Scarface,Brian De Palma,Al Pacino / Michelle Pfeiffer / Steven Bauer,Crime/Drama,United States,1983,2h 50m,8.3,974K,"$66,443,303"
Double Indemnity,Billy Wilder,Fred MacMurray / Barbara Stanwyck / Edward G. Robinson,Crime/Drama/Film-Noir,United States,1944,1h 47m,8.3,176K,"$21,026"
Heat,Michael Mann,Al Pacino / Robert De Niro / Val Kilmer,Action/Crime/Drama,United States,1995,2h 50m,8.3,765K,"$187,436,818"
North by Northwest,Alfred Hitchcock,Cary Grant / Eva Marie Saint / James Mason,Adventure/Drama/Mystery,United States,1959,2h 16m,8.3,362K,"$197,920"
Up,Pete Docter,Edward Asner / Jordan Nagai / John Ratzenberger,Animation/Adventure/Comedy,United States,2009,1h 36m,8.3,1.2M,"$735,103,954"
Citizen Kane,Orson Welles,Orson Welles / Joseph Cotten / Dorothy Comingore,Drama/Mystery,United States,1941,1h 59m,8.3,484K,"$1,711,106"
M - Eine Stadt sucht einen Mörder,Fritz Lang,Peter Lorre / Ellen Widmann / Inge Landgut,Crime/Mystery/Thriller,Germany,1931,1h 57m,8.3,178K,"$35,566"
Full Metal Jacket,Stanley Kubrick,Matthew Modine / R. Lee Ermey / Vincent D'Onofrio,Drama/War,United Kingdom/United States,1987,1h 56m,8.2,827K,"$50,193,748"
Vertigo,Alfred Hitchcock,James Stewart / Kim Novak / Barbara Bel Geddes,Mystery/Romance/Thriller,United States,1958,2h 8m,8.2,448K,"$7,974,114"
Le fabuleux destin d'Amélie Poulain,Jean-Pierre Jeunet,Audrey Tautou / Mathieu Kassovitz / Rufus,Comedy/Romance,France/Germany,2001,2h 2m,8.3,822K,"$175,183,052"
Hababam Sinifi: Sinifta Kaldi,Ertem Egilmez,Münir Özkul / Tarik Akan / Kemal Sunal,Comedy,Turkey,1975,N/A,8.7,27K,N/A
Taare Zameen Par,Aamir Khan,Darsheel Safary / Aamir Khan / Tisca Chopra,Drama/Family,India,2007,2h 42m,8.3,221K,"$21,897,373"
Jodaeiye Nader az Simin,Asghar Farhadi,Payman Maadi / Leila Hatami / Sareh Bayat,Drama,Iran/France/Australia,2011,2h 3m,8.3,271K,"$22,926,076"
To Kill a Mockingbird,Robert Mulligan,Gregory Peck / John Megna / Frank Overton,Crime/Drama,United States,1962,2h 9m,8.3,345K,"$602,810"
Die Hard,John McTiernan,Bruce Willis / Alan Rickman / Bonnie Bedelia,Action/Thriller,United States,1988,2h 12m,8.2,995K,"$143,651,650"
A Clockwork Orange,Stanley Kubrick,Malcolm McDowell / Patrick Magee / Michael Bates,Crime/Sci-Fi,United Kingdom/United States,1971,2h 16m,8.2,916K,"$27,034,174"
Indiana Jones and the Last Crusade,Steven Spielberg,Harrison Ford / Sean Connery / Alison Doody,Action/Adventure,United States/Italy/Spain/United Kingdom/Jordan,1989,2h 7m,8.2,843K,"$474,171,806"
The Sting,George Roy Hill,Paul Newman / Robert Redford / Robert Shaw,Comedy/Crime/Drama,United States,1973,2h 9m,8.2,292K,"$156,000,000"
Oppenheimer,Christopher Nolan,Cillian Murphy / Emily Blunt / Matt Damon,Biography/Drama/History,United States/United Kingdom,2023,3h,8.3,909K,"$975,811,333"
Metropolis,Fritz Lang,Brigitte Helm / Alfred Abel / Gustav Fröhlich,Drama/Sci-Fi,Germany,1927,2h 33m,8.3,196K,"$1,351,009"
Snatch,Guy Ritchie,Jason Statham / Brad Pitt / Stephen Graham,Comedy/Crime,United Kingdom/United States,2000,1h 44m,8.2,951K,"$83,558,617"
1917,Sam Mendes,Dean-Charles Chapman / George MacKay / Daniel Mays,Action/Drama/War,United Kingdom/United States/India/Spain/Canada,2019,1h 59m,8.2,735K,"$446,064,352"
L.A. Confidential,Curtis Hanson,Kevin Spacey / Russell Crowe / Guy Pearce,Crime/Drama/Mystery,United States,1997,2h 18m,8.2,644K,"$126,216,940"
Ladri di biciclette,Vittorio De Sica,Lamberto Maggiorani / Enzo Staiola / Lianella Carell,Drama,Italy,1948,1h 29m,8.2,187K,"$451,643"
Der Untergang,Oliver Hirschbiegel,Bruno Ganz / Alexandra Maria Lara / Ulrich Matthes,Biography/Drama/History,Germany/Austria/Italy,2004,2h 36m,8.2,391K,"$92,181,574"
Dangal,Nitesh Tiwari,Aamir Khan / Sakshi Tanwar / Fatima Sana Shaikh,Action/Biography/Drama,India/United States,2016,2h 41m,8.3,229K,"$303,726,694"
The Wolf of Wall Street,Martin Scorsese,Leonardo DiCaprio / Jonah Hill / Margot Robbie,Biography/Comedy/Crime,United States,2013,3h,8.2,1.7M,"$407,039,432"
Hamilton,Thomas Kail,Lin-Manuel Miranda / Phillipa Soo / Leslie Odom Jr.,Biography/Drama/History,United States,2020,2h 40m,8.3,130K,N/A
Taxi Driver,Martin Scorsese,Robert De Niro / Jodie Foster / Cybill Shepherd,Crime/Drama,United States,1976,1h 54m,8.2,986K,"$28,737,520"
Green Book,Peter Farrelly,Viggo Mortensen / Mahershala Ali / Linda Cardellini,Biography/Comedy/Drama,China/Japan/United States,2018,2h 10m,8.2,643K,"$321,752,656"
Batman Begins,Christopher Nolan,Christian Bale / Michael Caine / Ken Watanabe,Action/Crime/Drama,United States/United Kingdom,2005,2h 20m,8.2,1.7M,"$375,406,308"
The Truman Show,Peter Weir,Jim Carrey / Ed Harris / Laura Linney,Comedy/Drama,United States,1998,1h 43m,8.2,1.3M,"$264,118,712"
Per qualche dollaro in più,Sergio Leone,Clint Eastwood / Lee Van Cleef / Gian Maria Volontè,Drama/Western,Italy/Spain/West Germany,1965,2h 12m,8.2,291K,"$15,000,000"
Judgment at Nuremberg,Stanley Kramer,Spencer Tracy / Burt Lancaster / Richard Widmark,Drama/War,United States,1961,2h 59m,8.3,93K,"$12,180"
Some Like It Hot,Billy Wilder,Marilyn Monroe / Tony Curtis / Jack Lemmon,Comedy/Music/Romance,United States,1959,2h 1m,8.2,297K,"$208,786"
Shutter Island,Martin Scorsese,Leonardo DiCaprio / Emily Mortimer / Mark Ruffalo,Drama/Mystery/Thriller,United States/Canada,2010,2h 18m,8.2,1.6M,"$294,978,537"
The Kid,Charles Chaplin,Charles Chaplin / Edna Purviance / Jackie Coogan,Comedy/Drama/Family,United States,1921,1h 8m,8.2,142K,"$44,115"
The Father,Florian Zeller,Anthony Hopkins / Olivia Colman / Mark Gatiss,Drama/Mystery,United Kingdom/France/United States,2020,1h 37m,8.2,216K,"$24,048,935"
Jurassic Park,Steven Spielberg,Sam Neill / Laura Dern / Jeff Goldblum,Action/Adventure/Sci-Fi,United States,1993,2h 7m,8.2,1.1M,"$1,104,379,926"
All About Eve,Joseph L. Mankiewicz,Bette Davis / Anne Baxter / George Sanders,Drama,United States,1950,2h 18m,8.2,146K,"$154,974"
There Will Be Blood,Paul Thomas Anderson,Daniel Day-Lewis / Paul Dano / Ciarán Hinds,Drama,United States,2007,2h 38m,8.2,676K,"$76,430,381"
The Sixth Sense,M. Night Shyamalan,Bruce Willis / Haley Joel Osment / Toni Collette,Drama/Mystery/Thriller,United States,1999,1h 47m,8.2,1.1M,"$672,806,432"
Casino,Martin Scorsese,Robert De Niro / Sharon Stone / Joe Pesci,Crime/Drama,United States/France,1995,2h 58m,8.2,597K,"$116,112,375"
Ran,Akira Kurosawa,Tatsuya Nakadai / Akira Terao / Jinpachi Nezu,Action/Drama/War,Japan/France,1985,2h 40m,8.2,145K,"$4,384,009"
Top Gun: Maverick,Joseph Kosinski,Tom Cruise / Jennifer Connelly / Miles Teller,Action/Drama,United States,2022,2h 10m,8.2,789K,"$1,495,696,292"
No Country for Old Men,Ethan Coen,Tommy Lee Jones / Javier Bardem / Josh Brolin,Crime/Drama/Thriller,United States,2007,2h 2m,8.2,1.1M,"$171,632,777"
The Thing,John Carpenter,Kurt Russell / Wilford Brimley / Keith David,Horror/Mystery/Sci-Fi,United States/Canada,1982,1h 49m,8.2,503K,"$20,842,105"
Unforgiven,Clint Eastwood,Clint Eastwood / Gene Hackman / Morgan Freeman,Drama/Western,United States,1992,2h 10m,8.2,457K,"$159,167,799"
El laberinto del fauno,Guillermo del Toro,Ivana Baquero / Ariadna Gil / Sergi López,Drama/Fantasy/War,Mexico/Spain,2006,1h 58m,8.2,728K,"$83,863,565"
Kill Bill: Vol. 1,Quentin Tarantino,Uma Thurman / David Carradine / Daryl Hannah,Action/Crime/Thriller,United States,2003,1h 51m,8.2,1.3M,"$180,908,413"
A Beautiful Mind,Ron Howard,Russell Crowe / Ed Harris / Jennifer Connelly,Biography/Drama/Mystery,United States,2001,2h 15m,8.2,1M,"$316,791,257"
Prisoners,Denis Villeneuve,Hugh Jackman / Jake Gyllenhaal / Viola Davis,Crime/Drama/Mystery,United States,2013,2h 33m,8.2,881K,"$122,127,446"
The Treasure of the Sierra Madre,John Huston,Humphrey Bogart / Walter Huston / Tim Holt,Adventure/Drama/Western,United States,1948,2h 6m,8.2,138K,"$5,014,000"
Yôjinbô,Akira Kurosawa,Toshirô Mifune / Eijirô Tôno / Tatsuya Nakadai,Action/Drama/Thriller,Japan,1961,1h 50m,8.2,139K,"$68,196"
Finding Nemo,Andrew Stanton,Albert Brooks / Ellen DeGeneres / Alexander Gould,Animation/Adventure/Comedy,United States/Japan/Australia,2003,1h 40m,8.2,1.2M,"$941,637,960"
Hauru no ugoku shiro,Hayao Miyazaki,Chieko Baishô / Takuya Kimura / Tatsuya Gashûin,Animation/Adventure/Family,Japan/United States,2004,1h 59m,8.2,488K,"$241,526,144"
The Great Escape,John Sturges,Steve McQueen / James Garner / Richard Attenborough,Adventure/Drama/Thriller,United States,1963,2h 52m,8.2,270K,"$230,637"
Monty Python and the Holy Grail,Terry Gilliam,Graham Chapman / John Cleese / Eric Idle,Adventure/Comedy/Fantasy,United Kingdom,1975,1h 31m,8.2,591K,"$2,931,902"
The Elephant Man,David Lynch,Anthony Hopkins / John Hurt / Anne Bancroft,Biography/Drama,United States/United Kingdom,1980,2h 4m,8.2,275K,"$26,034,325"
Dial M for Murder,Alfred Hitchcock,Ray Milland / Grace Kelly / Robert Cummings,Crime/Drama/Mystery,United States,1954,1h 45m,8.2,199K,"$45,313"
Klaus,Sergio Pablos,Jason Schwartzman / J.K. Simmons / Rashida Jones,Animation/Adventure/Comedy,Spain/United Kingdom/United States/Austria/Canada/France,2019,1h 36m,8.2,217K,N/A
Gone with the Wind,Victor Fleming,Clark Gable / Vivien Leigh / Thomas Mitchell,Drama/Romance/War,United States,1939,3h 58m,8.2,348K,"$402,382,193"
Chinatown,Roman Polanski,Jack Nicholson / Faye Dunaway / John Huston,Drama/Mystery/Thriller,United States,1974,2h 10m,8.1,367K,"$29,232,347"
El secreto de sus ojos,Juan José Campanella,Ricardo Darín / Soledad Villamil / Pablo Rago,Drama/Mystery/Romance,Argentina/Spain,2009,2h 9m,8.2,234K,"$35,079,650"
"Lock, Stock and Two Smoking Barrels",Guy Ritchie,Jason Flemyng / Dexter Fletcher / Nick Moran,Comedy/Crime,United Kingdom/United States,1998,1h 47m,8.1,638K,"$3,753,929"
Rashômon,Akira Kurosawa,Toshirô Mifune / Machiko Kyô / Masayuki Mori,Crime/Drama/Mystery,Japan,1950,1h 28m,8.2,191K,"$139,819"
V for Vendetta,James McTeigue,Hugo Weaving / Natalie Portman / Rupert Graves,Action/Drama/Sci-Fi,United States/United Kingdom/Germany,2005,2h 12m,8.1,1.2M,"$134,686,457"
Inside Out,Pete Docter,Amy Poehler / Bill Hader / Lewis Black,Animation/Adventure/Comedy,United States,2015,1h 35m,8.1,875K,"$859,076,254"
"Three Billboards Outside Ebbing, Missouri",Martin McDonagh,Frances McDormand / Woody Harrelson / Sam Rockwell,Comedy/Crime/Drama,United Kingdom/United States,2017,1h 55m,8.1,587K,"$162,729,321"
Catch Me If You Can,Steven Spielberg,Leonardo DiCaprio / Tom Hanks / Christopher Walken,Biography/Crime/Drama,United States/Canada,2002,2h 21m,8.1,1.2M,"$352,114,312"
Trainspotting,Danny Boyle,Ewan McGregor / Ewen Bremner / Jonny Lee Miller,Crime/Drama,United Kingdom/United States,1996,1h 33m,8.1,753K,"$16,992,984"
The Bridge on the River Kwai,David Lean,William Holden / Alec Guinness / Jack Hawkins,Adventure/Drama/War,United Kingdom/United States,1957,2h 41m,8.1,243K,"$27,201,366"
Raging Bull,Martin Scorsese,Robert De Niro / Cathy Moriarty / Joe Pesci,Biography/Drama/Sport,United States,1980,2h 9m,8.1,398K,"$23,406,017"
The Wild Robot,Chris Sanders,Lupita Nyong'o / Pedro Pascal / Kit Connor,Animation/Adventure/Family,United States/Japan,2024,1h 42m,8.2,186K,"$334,537,187"
Fargo,Joel Coen,William H. Macy / Frances McDormand / Steve Buscemi,Crime/Drama/Thriller,United Kingdom/United States,1996,1h 38m,8.1,761K,"$60,611,975"
Harry Potter and the Deathly Hallows: Part 2,David Yates,Daniel Radcliffe / Emma Watson / Rupert Grint,Adventure/Family/Fantasy,United Kingdom/United States,2011,2h 10m,8.1,1M,"$1,342,505,340"
Warrior,Gavin O'Connor,Tom Hardy / Nick Nolte / Joel Edgerton,Action/Drama/Sport,United States,2011,2h 20m,8.1,517K,"$23,308,615"
Gran Torino,Clint Eastwood,Clint Eastwood / Bee Vang / Christopher Carley,Drama,Germany/United States,2008,1h 56m,8.1,843K,"$269,958,228"
Million Dollar Baby,Clint Eastwood,Hilary Swank / Clint Eastwood / Morgan Freeman,Drama/Sport,United States,2004,2h 12m,8.1,750K,"$216,763,646"
Ben-Hur,William Wyler,Charlton Heston / Jack Hawkins / Stephen Boyd,Adventure/Drama,United States,1959,3h 32m,8.1,265K,"$74,439,376"
Mad Max: Fury Road,George Miller,Tom Hardy / Charlize Theron / Nicholas Hoult,Action/Adventure/Sci-Fi,Australia/United States,2015,2h,8.1,1.2M,"$380,437,267"
Tonari no Totoro,Hayao Miyazaki,Hitoshi Takagi / Noriko Hidaka / Chika Sakamoto,Animation/Comedy/Family,Japan,1988,1h 26m,8.1,412K,"$30,430,087"
Barry Lyndon,Stanley Kubrick,Ryan O'Neal / Marisa Berenson / Patrick Magee,Adventure/Drama/War,United Kingdom/United States,1975,3h 5m,8.1,195K,"$284,426"
Dead Poets Society,Peter Weir,Robin Williams / Robert Sean Leonard / Ethan Hawke,Comedy/Drama,United States,1989,2h 8m,8.1,597K,"$235,860,116"
Bacheha-ye aseman,Majid Majidi,Reza Naji / Amir Farrokh Hashemian / Bahare Seddiqi,Drama/Family/Sport,Iran,1997,1h 29m,8.2,87K,"$933,933"
Spider-Man: No Way Home,Jon Watts,Tom Holland / Zendaya / Benedict Cumberbatch,Action/Adventure/Fantasy,United States,2021,2h 28m,8.2,962K,"$1,921,426,073"
Hacksaw Ridge,Mel Gibson,Andrew Garfield / Sam Worthington / Luke Bracey,Biography/Drama/History,United States,2016,2h 19m,8.1,643K,"$180,563,636"
The Grand Budapest Hotel,Wes Anderson,Ralph Fiennes / F. Murray Abraham / Mathieu Amalric,Comedy/Drama,United States/Germany,2014,1h 39m,8.1,933K,"$174,567,384"
12 Years a Slave,Steve McQueen,Chiwetel Ejiofor / Michael Kenneth Williams / Michael Fassbender,Biography/Drama/History,United Kingdom/United States,2013,2h 14m,8.1,768K,"$187,734,091"
Before Sunrise,Richard Linklater,Ethan Hawke / Julie Delpy / Andrea Eckert,Comedy/Drama/Romance,United States/Austria,1995,1h 41m,8.1,362K,"$6,572,057"
Blade Runner,Ridley Scott,Harrison Ford / Rutger Hauer / Sean Young,Action/Drama/Sci-Fi,United States/United Kingdom,1982,1h 57m,8.1,858K,"$41,767,218"
Salinui chueok,Bong Joon Ho,Song Kang-ho / Kim Sang-kyung / Kim Roe-ha,Crime/Drama/Mystery,South Korea,2003,2h 11m,8.1,245K,"$1,210,763"
Gone Girl,David Fincher,Ben Affleck / Rosamund Pike / Neil Patrick Harris,Drama/Mystery/Thriller,United States,2014,2h 29m,8.1,1.1M,"$370,890,259"
Ratatouille,Brad Bird,Brad Garrett / Lou Romano / Patton Oswalt,Animation/Adventure/Comedy,United States,2007,1h 51m,8.1,894K,"$623,730,087"
How to Train Your Dragon,Dean DeBlois,Jay Baruchel / Gerard Butler / Christopher Mintz-Plasse,Animation/Action/Adventure,United States/France/United Kingdom,2010,1h 38m,8.1,856K,"$494,879,860"
"Monsters, Inc.",Pete Docter,Billy Crystal / John Goodman / Mary Gibbs,Animation/Adventure/Comedy,United States,2001,1h 32m,8.1,1M,"$579,771,043"
In the Name of the Father,Jim Sheridan,Daniel Day-Lewis / Pete Postlethwaite / Alison Crosbie,Biography/Crime/Drama,Ireland/United Kingdom/United States,1993,2h 13m,8.1,197K,"$65,796,862"
Jaws,Steven Spielberg,Roy Scheider / Robert Shaw / Richard Dreyfuss,Adventure/Horror/Thriller,United States,1975,2h 4m,8.1,703K,"$477,916,625"
Relatos salvajes,Damián Szifron,Darío Grandinetti / María Marull / Mónica Villa,Comedy/Drama/Thriller,Argentina/Spain/France/United Kingdom,2014,2h 2m,8.1,230K,"$31,478,893"
The Gold Rush,Charles Chaplin,Charles Chaplin / Mack Swain / Tom Murray,Adventure/Comedy/Drama,United States,1925,1h 35m,8.1,125K,"$68,321"
Sherlock Jr.,Buster Keaton,Buster Keaton / Kathryn McGuire / Joe Keaton,Action/Comedy/Romance,United States,1924,45m,8.2,63K,$399
Ford v Ferrari,James Mangold,Matt Damon / Christian Bale / Jon Bernthal,Action/Biography/Drama,United States,2019,2h 32m,8.1,531K,"$226,299,480"
Mary and Max.,Adam Elliot,Toni Collette / Philip Seymour Hoffman / Eric Bana,Animation/Comedy/Drama,Australia,2009,1h 32m,8.1,197K,"$1,740,791"
The Deer Hunter,Michael Cimino,Robert De Niro / Christopher Walken / John Cazale,Drama/War,United States/United Kingdom,1978,3h 3m,8.1,378K,"$49,080,312"
Le salaire de la peur,Henri-Georges Clouzot,Yves Montand / Charles Vanel / Peter van Eyck,Adventure/Drama/Thriller,France/Italy,1953,2h 36m,8.1,71K,"$22,326"
The General,Clyde Bruckman,Buster Keaton / Marion Mack / Glen Cavender,Action/Adventure/Comedy,United States,1926,1h 18m,8.1,103K,"$1,344"
Mr. Smith Goes to Washington,Frank Capra,James Stewart / Jean Arthur / Claude Rains,Comedy/Drama,United States,1939,2h 9m,8.1,127K,"$146,123"
On the Waterfront,Elia Kazan,Marlon Brando / Karl Malden / Lee J. Cobb,Crime/Drama/Thriller,United States,1954,1h 48m,8.1,174K,"$3,768"
Logan,James Mangold,Hugh Jackman / Patrick Stewart / Dafne Keen,Action/Drama/Sci-Fi,United States,2017,2h 17m,8.1,896K,"$619,180,476"
Smultronstället,Ingmar Bergman,Victor Sjöström / Bibi Andersson / Ingrid Thulin,Drama/Romance,Sweden,1957,1h 32m,8.1,121K,"$81,070"
Rocky,John G. Avildsen,Sylvester Stallone / Talia Shire / Burt Young,Drama/Sport,United States,1976,2h,8.1,664K,"$117,253,345"
The Third Man,Carol Reed,Orson Welles / Joseph Cotten / Alida Valli,Drama/Film-Noir/Mystery,United Kingdom,1949,1h 44m,8.1,191K,"$1,421,864"
Tôkyô monogatari,Yasujirô Ozu,Chishû Ryû / Chieko Higashiyama / Sô Yamamura,Drama,Japan,1953,2h 17m,8.1,75K,"$93,881"
Spotlight,Tom McCarthy,Mark Ruffalo / Michael Keaton / Rachel McAdams,Biography/Crime/Drama,United States,2015,2h 9m,8.1,522K,"$98,690,254"
The Terminator,James Cameron,Arnold Schwarzenegger / Linda Hamilton / Michael Biehn,Action/Adventure/Sci-Fi,United Kingdom/United States,1984,1h 47m,8.1,971K,"$78,371,200"
The Big Lebowski,Joel Coen,Jeff Bridges / John Goodman / Julianne Moore,Comedy/Crime,United Kingdom/United States,1998,1h 57m,8.1,895K,"$48,261,691"
Pirates of the Caribbean: The Curse of the Black Pearl,Gore Verbinski,Johnny Depp / Geoffrey Rush / Orlando Bloom,Action/Adventure/Fantasy,United States,2003,2h 23m,8.1,1.3M,"$654,264,546"
Maharaja,Nithilan Saminathan,Vijay Sethupathi / Anurag Kashyap / Mamta Mohandas,Action/Crime/Drama,India,2024,N/A,8.4,71K,"$975,543"
Det sjunde inseglet,Ingmar Bergman,Max von Sydow / Gunnar Björnstrand / Bengt Ekerot,Drama/Fantasy,Sweden,1957,1h 36m,8.1,210K,"$312,104"
La haine,Mathieu Kassovitz,Vincent Cassel / Hubert Koundé / Saïd Taghmaoui,Crime/Drama,France,1995,1h 38m,8.1,214K,"$760,851"
Room,Lenny Abrahamson,Brie Larson / Jacob Tremblay / Sean Bridgers,Drama/Thriller,Ireland/Canada/United Kingdom/United States,2015,1h 58m,8.1,470K,"$35,402,766"
Jai Bhim,T.J. Gnanavel,Suriya / Lijo Mol Jose / Manikandan K.,Crime/Drama,India/United States,2021,2h 44m,8.6,228K,N/A
Hotel Rwanda,Terry George,Don Cheadle / Sophie Okonedo / Joaquin Phoenix,Biography/Drama/History,United States/United Kingdom/South Africa/Italy,2004,2h 1m,8.1,385K,"$33,882,243"
Platoon,Oliver Stone,Charlie Sheen / Tom Berenger / Willem Dafoe,Drama/War,United States/United Kingdom,1986,2h,8.1,459K,"$138,546,255"
The Best Years of Our Lives,William Wyler,Myrna Loy / Dana Andrews / Fredric March,Drama/Romance/War,United States,1946,2h 50m,8.1,75K,"$23,667,133"
Before Sunset,Richard Linklater,Ethan Hawke / Julie Delpy / Vernon Dobtcheff,Drama/Romance,France/United States,2004,1h 20m,8.1,304K,"$16,506,532"
The Sound of Music,Robert Wise,Julie Andrews / Christopher Plummer / Eleanor Parker,Biography/Drama/Family,United States,1965,2h 52m,8.1,279K,"$159,500,547"
The Exorcist,William Friedkin,Ellen Burstyn / Max von Sydow / Linda Blair,Horror,United States,1973,2h 2m,8.1,481K,"$430,872,776"
The Incredibles,Brad Bird,Craig T. Nelson / Samuel L. Jackson / Holly Hunter,Animation/Action/Adventure,United States,2004,1h 55m,8.0,862K,"$631,688,498"
The Wizard of Oz,Victor Fleming,Judy Garland / Frank Morgan / Ray Bolger,Adventure/Family/Fantasy,United States,1939,1h 42m,8.1,453K,"$25,637,669"
Hachi: A Dog's Tale,Lasse Hallström,Richard Gere / Joan Allen / Cary-Hiroyuki Tagawa,Biography/Drama/Family,United Kingdom/United States,2009,1h 33m,8.1,331K,"$46,749,646"
La passion de Jeanne d'Arc,Carl Theodor Dreyer,Maria Falconetti / Eugene Silvain / André Berley,Biography/Drama/History,France,1928,1h 50m,8.1,66K,"$22,731"
Rush,Ron Howard,Daniel Brühl / Chris Hemsworth / Olivia Wilde,Biography/Drama/Sport,United Kingdom/United States,2013,2h 3m,8.1,539K,"$96,992,516"
Stand by Me,Rob Reiner,Wil Wheaton / River Phoenix / Corey Feldman,Adventure/Comedy/Drama,United States,1986,1h 29m,8.1,468K,"$53,525,035"
Babam ve Oglum,Çagan Irmak,Çetin Tekindor / Fikret Kuskan / Hümeyra,Drama/Family,Turkey,2005,1h 52m,8.2,98K,"$18,612,999"
Koe no katachi,Naoko Yamada,Miyu Irino / Saori Hayami / Aoi Yûki,Animation/Drama,Japan,2016,2h 10m,8.1,124K,"$30,819,442"
The Iron Giant,Brad Bird,Eli Marienthal / Harry Connick Jr. / Jennifer Aniston,Animation/Action/Adventure,United States/Czech Republic/United Kingdom,1999,1h 26m,8.1,247K,"$23,339,506"
Network,Sidney Lumet,Faye Dunaway / William Holden / Peter Finch,Drama,United States,1976,2h 1m,8.1,181K,"$23,701,317"
Ah-ga-ssi,Park Chan-wook,Kim Min-hee / Ha Jung-woo / Cho Jin-woong,Drama/Romance/Thriller,South Korea,2016,2h 25m,8.1,191K,"$37,863,670"
La battaglia di Algeri,Gillo Pontecorvo,Brahim Hadjadj / Jean Martin / Yacef Saadi,Drama/War,Italy/Algeria,1966,2h 1m,8.1,72K,"$962,002"
The Grapes of Wrath,John Ford,Henry Fonda / Jane Darwell / John Carradine,Drama,United States,1940,2h 9m,8.1,106K,"$7,304"
To Be or Not to Be,Ernst Lubitsch,Carole Lombard / Jack Benny / Robert Stack,Comedy/Romance/War,United States,1942,1h 39m,8.1,48K,"$4,578,000"
Into the Wild,Sean Penn,Emile Hirsch / Vince Vaughn / Catherine Keener,Adventure/Biography/Drama,United States,2007,2h 28m,8.0,682K,"$56,676,733"
Groundhog Day,Harold Ramis,Bill Murray / Andie MacDowell / Chris Elliott,Comedy/Drama/Fantasy,United States,1993,1h 41m,8.0,721K,"$71,108,778"
The Help,Tate Taylor,Viola Davis / Emma Stone / Octavia Spencer,Drama,United States/India,2011,2h 26m,8.1,516K,"$221,802,186"
Gangs of Wasseypur,Anurag Kashyap,Manoj Bajpayee / Nawazuddin Siddiqui / Tigmanshu Dhulia,Action/Comedy/Crime,India/France,2012,5h 21m,8.2,109K,"$4,384,642"
Drishyam,Nishikant Kamat,Ajay Devgn / Shriya Saran / Tabu,Crime/Drama/Mystery,India,2015,2h 43m,8.2,102K,N/A
Andhadhun,Sriram Raghavan,Ayushmann Khurrana / Tabu / Radhika Apte,Crime/Mystery/Thriller,India,2018,2h 19m,8.2,110K,"$62,475,342"
Amores perros,Alejandro G. Iñárritu,Emilio Echevarría / Gael García Bernal / Goya Toledo,Drama/Thriller,Mexico,2000,2h 34m,8.0,269K,"$20,908,467"
